tree
version=v4
num_class=1
num_tree_per_iteration=1
label_index=0
max_feature_idx=20
objective=regression_l1
feature_names=lag_4 lag_5 lag_6 lag_8 lag_12 roll_mean_4 roll_std_4 roll_max_4 roll_mean_8 roll_std_8 roll_max_8 roll_mean_12 roll_std_12 roll_max_12 weeks_since_last_sale nonzero_rate_8 spike_ratio week_of_year month is_peak_season product_id
feature_infos=[0:11414] [0:11414] [0:11414] [0:11414] [0:11414] [0:3623] [0:5670.3825855639288] [0:11414] [0:2670.75] [0:4024.6433382350788] [0:11414] [0:2433.6666666666665] [0:3548.2185628420593] [0:11414] [0:11] [0:1] [1.076423723812334:8] [1:53] [1:12] [0:1] -1:0:1:2:3:4:5:6:7:8:9:10:11:12:13:14:15:16:17:18:19:20:21:22:23:24:25:26:27:28:29:30:31:32:33:34:35:36:37:38:39:40:41:42:43:44:45:46:47:48:49
tree_sizes=2586 2736 2692 2727 2728 2744 2744 2758 2728 2751 2744 2739 2765 2770 2763 2772 2773 2724 2748 2756 2753 2736 2754 2753 2765 2758 2758 2779 2748 2762 2776 2766 2776 2759 2705 2766 2751 2781 2741 2782 2753 2766 2731 2745 2761 2778 2758 2768 2788 2762 2755 2762 2782 2773 2755 2774 2773 2748 2761 2771 2774 2790 2783 2775 2773 2755 2761 2785 2794 2767 2755 2770 2740 2753 2772 2769 2759 2788 2773 2771 2705 2760 2729 2726 2771 2783 2745 2779 2772 2771 2777 2794 2760 2774 2770 2767 2749 2779 2759 2751 2757 2794 2752 2758 2758 2762 2774 2763 2787 2776 2767 2783 2764 2794 2762

Tree=0
num_leaves=31
num_cat=5
split_feature=20 5 5 17 20 20 5 17 13 0 0 20 17 17 5 9 0 9 16 4 12 4 0 2 2 16 11 2 4 20
split_gain=346.507 91.2788 49.7053 30.4753 30.4094 20.6932 19.3691 16.0415 13.9533 12.8152 8.69589 8.05922 7.8145 9.42324 9.06292 6.55108 6.06081 6.02983 6.01309 5.92613 8.37681 5.94532 5.36513 6.01976 6.2318 8.38552 5.40674 5.275 4.87207 4.84458
threshold=0 163.62500000000003 199.37500000000003 44.500000000000007 1 2 577.12500000000011 51.500000000000007 588.50000000000011 165.50000000000003 385.50000000000006 3 51.500000000000007 9.5000000000000018 100.25000000000001 338.93353378342687 452.50000000000006 1.0000000180025095e-35 2.5549042018880312 202.50000000000003 125.23873894226358 249.50000000000003 96.500000000000014 400.50000000000006 138.50000000000003 2.8552012599513841 251.12500000000003 2.5000000000000004 249.50000000000003 4
decision_type=1 10 10 2 1 1 10 2 10 10 8 1 2 2 10 8 10 8 8 8 8 10 10 10 10 10 8 10 8 1
left_child=2 5 7 4 8 17 11 10 19 -5 -1 16 13 27 15 -15 -4 -2 -19 -3 -21 -22 -6 24 25 -24 -26 -7 -28 -10
right_child=1 3 6 9 22 12 -8 -9 29 -11 -12 -13 -14 14 -16 -17 -18 18 -20 20 21 -23 23 -25 26 -27 28 -29 -30 -31
leaf_value=267.69999999999999 255.55000000000001 266.80000000000001 273.25 266.85000000000002 260.47500000000002 264.05000000000001 297.55000000000001 255.55000000000001 270.125 278.22500000000002 280.25 277.14999999999998 255.55000000000001 280.57499999999999 262.94999999999999 268.44999999999999 268.89999999999998 262.19999999999999 255.69999999999999 274.30000000000001 273.94999999999999 264.30000000000001 270.05000000000001 268.5 263.625 262.64999999999998 267.60000000000002 262.94999999999999 264.39999999999998 273.14999999999998
leaf_weight=63 34 52 85 21 60 46 256 27 100 54 44 223 29 30 75 37 44 33 260 23 24 22 31 58 44 41 39 52 42 109
leaf_count=63 34 52 85 21 60 46 256 27 100 54 44 223 29 30 75 37 44 33 260 23 24 22 31 58 44 41 39 52 42 109
internal_value=268.999 268.984 269.026 268.996 268.992 268.969 269.033 268.999 269.003 269.026 269.008 269.025 268.982 268.984 268.993 269.006 269.012 268.961 268.957 268.99 268.999 268.987 268.982 268.984 268.98 268.992 268.973 268.972 268.981 269.011
internal_weight=2058 1316 742 720 645 596 608 134 330 75 107 352 269 240 142 67 129 327 293 121 69 46 315 255 197 72 125 98 81 209
internal_count=2058 1316 742 720 645 596 608 134 330 75 107 352 269 240 142 67 129 327 293 121 69 46 315 255 197 72 125 98 81 209
cat_boundaries=0 2 4 6 8 10
cat_threshold=335941136 228116 1644220484 33985 3245359489 40 67109888 8464 536891396 192
is_linear=0
shrinkage=1


Tree=1
num_leaves=31
num_cat=4
split_feature=20 5 20 17 20 17 0 20 13 2 8 0 5 3 2 17 0 16 17 0 13 3 11 3 2 17 8 16 11 16
split_gain=325.629 101.978 44.6284 38.2813 29.2976 23.0378 22.2914 20.6375 13.5409 11.2576 10.98 10.8631 10.7532 10.2304 9.73329 9.52854 8.04147 7.67635 9.08669 7.5657 7.84101 7.50873 7.36333 7.28608 7.21393 7.00057 6.88775 6.5148 6.48344 10.08
threshold=0 163.62500000000003 1 44.500000000000007 2 50.500000000000007 5.5000000000000009 3 588.50000000000011 353.50000000000006 737.87500000000011 165.50000000000003 606.12500000000011 394.50000000000006 108.50000000000001 51.500000000000007 103.50000000000001 1.7787382932319429 38.500000000000007 433.50000000000006 349.00000000000006 299.50000000000006 254.58333333333337 355.50000000000006 329.00000000000006 37.500000000000007 107.62500000000001 1.9104335943916155 361.95833333333337 2.3708272531364787
decision_type=1 10 1 2 1 2 10 1 10 10 10 10 10 8 10 2 10 8 2 10 10 10 10 10 10 2 8 10 8 10
left_child=2 7 5 4 -3 -1 -4 -2 14 13 12 -5 16 28 -6 25 -10 -11 -19 20 27 -18 -22 -23 -25 26 -9 -16 -8 -30
right_child=1 3 6 11 8 -7 9 15 10 17 -12 -13 -14 -15 19 -17 21 18 -20 -21 22 23 -24 24 -26 -27 -28 -29 29 -31
leaf_value=20.615000000000002 -12.335000000000001 -7.2056250000000013 -8.0487500000000001 -1.8925000000000012 1.6974999999999996 -2.2124999999999999 4.9431250000000011 2.6025000000000009 -4.8406250000000002 1.8650000000000007 -7.6199999999999992 11.63875 6.1425000000000018 -0.95749999999999891 1.9825000000000004 -12.777500000000002 4.7937500000000002 8.5724999999999998 1.2931250000000007 4.0099999999999998 -5.7025000000000006 -2.2443749999999993 -1.2025000000000006 -2.544999999999999 5.2437500000000004 0.027500000000000569 -6.5474999999999994 -4.1650000000000009 -0.078749999999999432 7.2512500000000006
leaf_weight=361 332 110 46 21 35 21 36 21 28 38 23 64 39 72 34 32 119 91 26 23 50 20 48 43 39 55 147 27 50 20
leaf_count=361 332 110 46 21 35 21 36 21 28 38 23 64 39 72 34 32 119 91 26 23 50 20 48 43 39 55 147 27 50 20
internal_value=-7.24288e-05 -0.0151515 0.0257458 -0.0026971 -0.00689655 0.0380102 0.0127249 -0.0307496 -0.00167286 0.0175676 0.00498392 0.0288235 0.00763889 0.00898876 -0.0112903 -0.0175472 0.00381526 0.0274194 0.0337607 -0.0159341 -0.0198113 0.00701357 -0.0285714 -0.00294118 0.00365854 -0.014574 -0.0196429 -0.0057377 0.0188679 0.01
internal_weight=2071 1310 761 723 638 382 379 587 528 333 311 85 288 178 217 255 249 155 117 182 159 221 98 102 82 223 168 61 106 70
internal_count=2071 1310 761 723 638 382 379 587 528 333 311 85 288 178 217 255 249 155 117 182 159 221 98 102 82 223 168 61 106 70
cat_boundaries=0 2 4 5 7
cat_threshold=268832272 228180 264720 152068 16261122 3245359521 40
is_linear=0
shrinkage=0.05


Tree=2
num_leaves=31
num_cat=0
split_feature=5 5 0 16 16 11 5 11 2 9 18 13 4 5 0 10 18 7 13 5 0 4 16 9 12 12 16 10 4 5
split_gain=286.011 40.7471 37.7455 35.4849 16.857 15.2972 11.3977 10.4079 10.1107 12.4357 11.6981 9.90541 9.82093 9.58612 8.44171 11.7227 9.84441 10.5187 8.3132 8.24197 13.7352 8.18797 7.83629 6.14973 13.6559 5.78936 5.71089 6.89804 6.86088 5.51139
threshold=290.75000000000006 606.12500000000011 100.50000000000001 5.980882406739779 2.6554906495802926 398.58333333333343 163.62500000000003 383.12500000000006 175.50000000000003 221.12957331648747 4.5000000000000009 578.50000000000011 383.00000000000006 0.62500000000000011 177.50000000000003 988.50000000000011 10.500000000000002 451.00000000000006 517.50000000000011 369.00000000000006 339.50000000000006 198.50000000000003 6.0400926695058343 233.47852820177508 173.23589820914049 96.361398732811821 1.7045362621899345 1298.0000000000002 11.500000000000002 122.25000000000001
decision_type=10 10 10 10 10 10 8 10 10 8 2 8 10 8 10 8 2 10 10 10 10 8 10 10 8 8 8 8 10 10
left_child=2 4 8 12 11 6 25 -6 10 -10 -1 -2 26 -12 -13 16 17 -16 -8 21 -21 -19 -15 24 -22 -4 -3 -28 -29 -11
right_child=1 3 5 -5 7 -7 18 -9 9 29 13 14 -14 22 15 -17 -18 19 -20 20 23 -23 -24 -25 -26 -27 27 28 -30 -31
leaf_value=-12.16075 -0.096562500000000287 18.860499999999998 -6.7682499999999992 -8.0178437500000008 0.28531250000000058 -4.3722187499999992 -1.1461250000000007 -5.3846718749999996 -5.7810624999999991 -4.0701249999999991 4.5892499999999998 -0.045921874999997669 24.092812500000001 -8.6641562499999996 6.056781250000002 12.919062500000003 10.68428125 -6.1146874999999996 3.4318124999999982 7.6322812500000019 7.3028125000000017 1.459093750000001 -12.068249999999999 4.6540937500000013 -1.2971249999999999 -2.7585624999999987 -0.38462499999999977 10.213515624999999 23.126687500000003 4.6138750000000019
leaf_weight=180 74 20 27 28 89 43 225 28 37 23 20 54 216 264 28 64 36 21 104 50 33 36 37 44 59 82 25 26 48 33
leaf_count=180 74 20 27 28 89 43 225 28 37 23 20 54 216 264 28 64 36 21 104 50 33 36 37 44 59 82 25 26 48 33
internal_value=-0.000194742 0.0193565 -0.018 0.0326446 0.011526 -0.00758836 -0.00479452 -0.00555556 -0.026431 -0.0112903 -0.0292415 0.0155311 0.0371642 -0.0235202 0.0184706 0.021159 0.017101 0.0138376 -0.000151976 0.0104938 0.0155914 -0.00614035 -0.0257475 0.00735294 0 -0.0188073 0.0256303 0.0207071 0.0283784 0.00357143
internal_weight=2054 979 1075 363 616 481 438 117 594 93 501 499 335 321 425 371 307 271 329 243 186 57 301 136 92 109 119 99 74 56
internal_count=2054 979 1075 363 616 481 438 117 594 93 501 499 335 321 425 371 307 271 329 243 186 57 301 136 92 109 119 99 74 56
is_linear=0
shrinkage=0.05


Tree=3
num_leaves=31
num_cat=5
split_feature=20 5 5 14 20 18 3 3 20 20 20 13 9 9 13 2 3 2 13 15 2 1 7 15 6 11 8 1 16 13
split_gain=273.392 94.2277 44.6749 37.6463 24.7928 17.5501 13.2625 10.8625 10.3504 8.06221 8.03786 9.22945 8.72625 6.89237 10.575 8.32971 8.01282 6.45711 5.69296 5.40065 5.39103 5.76471 7.84641 5.33062 4.88353 5.94517 4.54754 5.09814 4.37576 6.15341
threshold=0 615.12500000000011 163.62500000000003 5.5000000000000009 1 10.500000000000002 436.50000000000006 115.50000000000001 2 3 4 1782.0000000000002 357.88843610831839 266.67834727494295 654.50000000000011 223.50000000000003 219.50000000000003 138.50000000000003 362.50000000000006 0.81250000000000011 368.50000000000006 653.50000000000011 581.50000000000011 0.81250000000000011 78.185655253286498 245.75000000000003 72.062500000000014 72.500000000000014 1.7955433691202598 1173.0000000000002
decision_type=1 10 10 8 1 2 8 10 1 1 1 10 8 8 10 10 10 10 10 10 10 8 8 10 10 10 10 10 8 8
left_child=2 3 9 4 6 10 13 -7 -6 26 18 12 17 14 15 -2 19 -12 -4 -15 21 22 -10 -11 -19 -26 -1 -28 -8 -30
right_child=1 -3 5 -5 8 7 28 -9 20 23 11 -13 -14 16 -16 -17 -18 24 -20 -21 -22 -23 -24 -25 25 -27 27 -29 29 -31
leaf_value=-6.1036429687499982 6.5862218750000014 22.889234375000001 -3.6024124999999998 -10.748635937500001 2.2346242187499996 -4.9905687500000031 -2.2074218750000001 9.0725984374999964 5.2156500000000001 -11.5527125 1.6699312499999992 -7.2589554687500017 6.6215156250000007 7.221671875000002 7.9852218749999997 -0.84592187499999916 -6.7361414062500007 1.6274312499999981 -7.2613226562500017 -3.548953124999997 8.331203125 13.472966406250002 -0.34786015625000033 -5.881712499999999 -5.0150437500000002 -1.0413015624999986 -11.94012734375 -4.5713296874999996 4.5325351562500016 -4.2711312500000007
leaf_weight=44 53 277 27 136 228 25 20 44 36 254 31 56 33 23 47 67 24 21 78 31 108 32 32 103 42 47 26 32 24 64
leaf_count=44 53 277 27 136 228 25 20 44 36 254 31 56 33 23 47 67 24 21 78 31 108 32 32 103 42 47 26 32 24 64
internal_value=-0.00118644 0.0141914 -0.0225086 0.00664865 0.0108365 -0.0106436 0.000688705 0.0123188 0.0186099 -0.0334423 -0.0153731 -0.00875 -0.00344828 0.00714286 0.0128743 0.005 -0.00512821 -0.00886525 -0.0265217 0.00555556 0.0270642 0.02 0.0117647 -0.0371935 -0.0145455 -0.0196629 -0.0151786 -0.0258621 -0.0138889 -0.00909091
internal_weight=2065 1202 863 925 789 404 353 69 436 459 335 230 174 245 167 120 78 141 105 54 208 100 68 357 110 89 102 58 108 88
internal_count=2065 1202 863 925 789 404 353 69 436 459 335 230 174 245 167 120 78 141 105 54 208 100 68 357 110 89 102 58 108 88
cat_boundaries=0 2 4 6 8 10
cat_threshold=2314760619 170 100761668 35393 536871936 75024 142614530 130 13115394 2
is_linear=0
shrinkage=0.05


Tree=4
num_leaves=31
num_cat=4
split_feature=20 5 8 20 0 12 16 12 19 20 10 1 0 20 11 4 5 13 10 5 3 2 16 6 4 1 4 3 13 3
split_gain=289.863 81.3328 54.749 34.5663 17.5758 16.6055 13.0577 10.2539 9.92308 8.58256 8.31635 7.41228 6.18005 5.83367 8.5365 6.7411 9.113 6.07289 4.9641 4.86967 4.8691 4.84848 4.56711 6.57618 4.53496 4.4607 4.66677 4.40479 4.40416 6.80713
threshold=0 272.87500000000006 567.25000000000011 1 175.50000000000003 703.42785811983856 2.1870396834737194 153.65362202131277 1.0000000180025095e-35 2 616.50000000000011 409.50000000000006 198.50000000000003 3 418.87500000000006 185.00000000000003 288.00000000000006 654.50000000000011 770.00000000000011 337.25000000000006 397.50000000000006 67.500000000000014 5.980882406739779 1046.063174585752 552.50000000000011 203.50000000000003 332.00000000000006 449.50000000000006 926.50000000000011 238.00000000000003
decision_type=1 10 10 1 10 8 10 10 2 1 10 10 10 1 8 8 8 10 10 10 10 8 10 10 8 8 8 8 10 10
left_child=2 3 4 12 11 8 -5 -8 9 -3 -10 20 -2 14 17 19 -17 -6 -9 -15 -1 -14 23 -7 -4 -18 -27 -16 29 -28
right_child=1 5 24 6 13 22 7 18 10 -11 -12 -13 21 15 27 16 25 -19 -20 -21 -22 -23 -24 -25 -26 26 28 -29 -30 -31
leaf_value=-0.03395078124999884 -10.637201874999999 4.0071875390624996 17.491763281249998 -3.8876452539062485 1.7750691796874989 -3.0115055468750001 3.9537242187500001 -6.2005374023437492 -2.7016762890624992 -2.2952678320312487 14.062334648437499 9.1978440625000015 -1.1272663085937482 6.2989612499999996 -1.8776620898437486 0.96949066406250217 7.1654905468750005 6.3709838281250004 0.30939945312499761 -0.84812496093749845 -0.97239734375000075 -5.1651074999999995 -7.6583787890624997 10.362698984374999 26.642647656250002 8.5311226953125026 3.8809500390624976 2.6951906640624999 4.5792367187499989 10.095047656250001
leaf_weight=139 413 105 87 212 24 32 37 26 26 142 64 30 20 23 34 33 24 43 39 30 21 24 47 22 164 57 51 25 29 74
leaf_count=139 413 105 87 212 24 32 37 26 26 142 64 30 20 23 34 33 24 43 39 30 21 24 47 22 164 57 51 25 29 74
internal_value=-0.000739151 -0.016612 0.0208241 -0.026524 0.0132653 0.000456621 -0.0123457 0.00196078 0.00578635 0.000607287 0.02 0.000526316 -0.0352248 0.0186801 0.00735294 0.0222054 0.0261194 0.0201493 -0.01 0.00660377 -0.00375 -0.0181818 -0.0173267 -0.00740741 0.0408367 0.0295745 0.0272512 -0.0059322 0.0227273 0.0268
internal_weight=2097 1209 888 771 637 438 314 102 337 247 90 190 457 447 126 321 268 67 65 53 160 44 101 54 251 235 211 59 154 125
internal_count=2097 1209 888 771 637 438 314 102 337 247 90 190 457 447 126 321 268 67 65 53 160 44 101 54 251 235 211 59 154 125
cat_boundaries=0 2 4 6 8
cat_threshold=268836368 261909 3253748107 40 1610678345 64 5120 32785
is_linear=0
shrinkage=0.05


Tree=5
num_leaves=31
num_cat=3
split_feature=20 0 17 8 17 20 20 17 17 9 8 19 11 2 2 9 4 5 12 6 3 4 11 0 3 3 5 17 8 0
split_gain=262.117 95.585 38.0321 27.2315 23.1779 25.7984 22.9516 15.5871 13.402 9.4206 8.01282 7.63217 7.56536 6.86306 8.20619 12.6071 8.10761 6.64526 6.588 7.76681 6.49342 6.37644 8.84737 10.1009 8.03487 5.83827 5.73736 5.18075 8.77563 9.10446
threshold=0 100.50000000000001 51.500000000000007 662.75000000000011 43.500000000000007 1 2 51.500000000000007 35.500000000000007 757.2605467424163 266.18750000000006 1.0000000180025095e-35 361.95833333333337 638.50000000000011 135.50000000000003 133.54783971401622 188.50000000000003 253.00000000000003 703.42785811983856 136.49144983445441 449.50000000000006 147.50000000000003 611.75000000000011 203.50000000000003 653.50000000000011 88.500000000000014 367.37500000000006 33.500000000000007 429.06250000000006 354.50000000000006
decision_type=1 10 2 10 2 1 1 2 2 8 10 2 10 10 10 10 10 8 8 10 10 10 8 10 10 10 10 2 10 10
left_child=2 6 3 11 5 9 -2 8 17 13 -6 -1 -12 14 -3 16 -16 18 25 -20 -14 24 23 -23 -7 -8 -13 28 29 -17
right_child=1 4 -4 -5 10 21 7 -9 -10 -11 12 26 20 -15 15 27 -18 -19 19 -21 -22 22 -24 -25 -26 -27 -28 -29 -30 -31
leaf_value=6.3913259365234385 -10.32554646875 3.3363897148437491 -11.402725351562502 23.710515273437501 -1.3499467514648438 -4.7227016713867203 15.679079390625001 -10.89860312792969 1.0786630981445335 -6.4438794169921865 9.3539598203124985 -3.301219806640626 -2.5422495058593797 6.1031266279296892 -0.52180993066406389 0.38201261035156053 4.666264841796874 -7.3565212514648453 -7.628145296875001 3.2571200751953131 17.204112720703122 -1.495119023437502 -4.4103197592773427 3.9165669501953122 2.3375347250976559 -4.0113793266601565 8.4577367167968784 -2.3730458671874985 7.9541402734375026 -2.9877351831054657
leaf_weight=356 323 69 23 196 26 184 21 40 70 29 32 23 25 42 22 55 37 54 45 21 21 55 38 97 20 32 31 38 35 30
leaf_count=356 323 69 23 196 26 184 21 40 70 29 32 23 25 42 22 55 37 54 45 21 21 55 38 97 20 32 31 38 35 30
internal_value=-0.00100478 -0.0126105 0.0257433 0.0285479 -0.00192982 -0.00499334 -0.0278878 -0.015529 -0.0113169 0.00476839 0.0201923 0.0212195 0.0282051 0.00731707 0.00454545 -0.000230415 0.0194915 -0.0187861 -0.0121849 -0.0227273 0.0152174 -0.0136139 -0.00736842 -0.00197368 -0.020098 0.000943396 0.0037037 -0.00759494 -0.0025 -0.0111765
internal_weight=2090 1461 629 606 855 751 606 283 243 357 104 410 78 328 286 217 59 173 119 66 46 394 190 152 204 53 54 158 120 85
internal_count=2090 1461 629 606 855 751 606 283 243 357 104 410 78 328 286 217 59 173 119 66 46 394 190 152 204 53 54 158 120 85
cat_boundaries=0 2 4 6
cat_threshold=268832272 226052 1711374400 34009 2171601283 40
is_linear=0
shrinkage=0.05


Tree=6
num_leaves=31
num_cat=5
split_feature=20 5 0 17 17 20 20 7 3 20 3 8 11 17 17 17 8 20 6 17 3 11 0 11 3 4 11 11 13 3
split_gain=243.247 68.8993 59.915 43.8561 38.017 23.7572 16.0073 14.8132 12.1629 11.7843 8.19043 8.09119 7.18353 7.04665 8.11841 11.6139 6.69968 6.63392 7.11109 8.09923 10.6219 6.58048 6.55228 6.5382 5.93633 7.48144 6.67881 5.69851 5.53241 5.41601
threshold=0 615.12500000000011 77.500000000000014 44.500000000000007 51.500000000000007 1 2 169.00000000000003 394.50000000000006 3 660.50000000000011 445.18750000000006 389.87500000000006 5.5000000000000009 51.500000000000007 36.500000000000007 360.06250000000006 4 169.27282771188752 31.500000000000004 270.50000000000006 324.62500000000006 189.50000000000003 424.00000000000006 299.50000000000006 135.50000000000003 236.33333333333334 304.91666666666669 1435.5000000000002 1.5000000000000002
decision_type=1 10 10 2 2 1 1 10 8 1 8 10 10 2 2 2 10 1 8 2 10 10 10 8 10 10 10 10 8 10
left_child=1 4 9 6 5 8 10 -8 12 -2 -4 16 21 -11 15 -15 22 18 -7 20 -20 29 -10 -19 25 26 -9 -5 -3 -1
right_child=2 28 3 27 -6 17 7 24 11 13 -12 -13 -14 14 -16 -17 -18 23 19 -21 -22 -23 -24 -25 -26 -27 -28 -29 -30 -31
leaf_value=6.5553739477294917 -9.9034238328124999 11.474989509765624 -4.5928366220214834 1.9575870201904295 -10.468234083349611 6.3773908615234376 -5.3429894578125001 0.3301239894531236 -2.712786282836912 -9.9344394578125002 0.23271844152831919 1.6388562732910146 -1.9393723755859384 -8.5790303621093766 -10.109269145312501 1.2835815657958975 -3.4729798220214834 3.8334774479492211 2.2882960684082021 6.1467346554687499 -1.7571771171386701 4.818187221081546 5.2779045422363282 7.4911435791259766 -1.684739280957031 2.4599951808227551 -5.0654210112182634 16.075713281933595 23.732964978515625 1.1885407324707047
leaf_weight=28 209 61 196 25 38 58 31 63 49 36 26 42 41 132 28 54 26 57 22 26 25 40 24 140 106 102 34 38 213 97
leaf_count=28 209 61 196 25 38 58 31 63 49 36 26 42 41 132 28 54 26 57 22 26 25 40 24 140 106 102 34 38 213 97
internal_value=-0.00065312 0.0172016 -0.0169725 -0.00700483 0.00918654 0.0119259 -0.0114695 -0.00404624 0.00238095 -0.0308279 -0.0215517 -0.00886525 0.0101942 -0.0203846 -0.017757 -0.0139785 -0.0166667 0.0213018 0.0102837 0.000684932 -0.0117021 0.0148485 -0.00890411 0.0277778 -0.000819672 0.00427136 -0.0056701 0.0325397 0.0386861 0.0092
internal_weight=2067 987 1080 621 713 675 558 336 347 459 222 141 206 250 214 186 99 328 131 73 47 165 73 197 305 199 97 63 274 125
internal_count=2067 987 1080 621 713 675 558 336 347 459 222 141 206 250 214 186 99 328 131 73 47 165 73 197 305 199 97 63 274 125
cat_boundaries=0 2 4 6 8 10
cat_threshold=872910356 260885 872644612 273 150478848 130 2152726913 40 0 107008
is_linear=0
shrinkage=0.05


Tree=7
num_leaves=31
num_cat=4
split_feature=20 5 1 20 0 18 20 0 1 18 20 9 4 5 11 11 5 1 16 5 6 13 5 9 6 6 5 0 5 18
split_gain=236.266 75.2674 44.4833 32.3901 19.0506 14.1011 15.7512 10.9182 10.9009 10.0267 8.14351 9.39435 7.74069 7.63529 7.25916 9.6738 6.77265 6.21323 6.04248 6.272 5.88753 8.07234 5.88469 5.32936 6.43166 6.51192 7.04097 5.23874 7.37408 5.04735
threshold=0 122.25000000000001 448.50000000000006 1 180.50000000000003 5.5000000000000009 2 34.500000000000007 274.50000000000006 9.5000000000000018 3 1.0000000180025095e-35 606.50000000000011 858.00000000000011 174.70833333333334 301.08333333333343 85.125000000000014 203.50000000000003 1.8883685113234627 204.37500000000003 824.12129175746372 1782.0000000000002 295.62500000000006 381.36125680859982 349.53428611357032 193.85679841865297 358.87500000000006 448.50000000000006 279.62500000000006 8.5000000000000018
decision_type=1 10 10 1 10 2 1 10 10 2 1 8 10 10 8 10 8 10 8 10 10 10 8 10 10 10 10 10 10 2
left_child=2 10 4 14 18 17 9 -8 22 27 16 -12 -10 -4 -3 29 -2 -5 -1 -20 21 23 -6 24 25 -9 -27 28 -7 -16
right_child=1 3 13 5 8 6 7 20 12 -11 11 -13 -14 -15 15 -17 -18 -19 19 -21 -22 -23 -24 -25 -26 26 -28 -29 -30 -31
leaf_value=-5.6265824027853402 2.0093632769750984 -5.7048468257714848 9.9186913131982415 -0.068055667938227773 3.0212558965795924 2.0813689583416761 -10.484542584531251 -0.3189350396978739 0.67961545252807698 13.362054784995117 -6.5148781029394547 -9.0766831099218734 11.0114555956781 27.413341260839843 -3.2094174749291988 -5.9620684482482922 -5.8210159828552257 -2.3805271221765141 -1.9191448542535428 5.0336968785620115 15.003733815102539 -5.6627071492520162 5.6458382065307608 9.7897087026928737 -5.7886988911718777 10.552955701481327 -0.63989615643799036 10.557929667287599 -2.2739978840332014 4.7002911437567123
leaf_weight=20 21 42 231 99 39 21 23 105 106 34 30 372 24 102 68 81 80 106 100 25 41 28 97 40 21 21 22 20 25 32
leaf_count=20 21 42 231 99 39 21 23 105 106 34 30 372 24 102 68 81 80 106 100 25 41 28 97 40 21 21 22 20 25 32
internal_value=-0.0015896 -0.014158 0.0208223 -0.00500603 0.0100973 0.00113636 0.00660848 0.000482315 0.0180451 0.0227273 -0.0295229 -0.032767 0.00769231 0.0346847 -0.0208155 -0.0174033 -0.0121622 -0.0095122 -0.00448276 -0.0004 0.00323741 0.00021097 0.0279412 0.00358852 -0.000295858 0.00337838 0.0197674 0.0136364 0.00434783 -0.007
internal_weight=2076 1332 744 829 411 606 401 301 266 100 503 402 130 333 223 181 101 205 145 125 278 237 136 209 169 148 43 66 46 100
internal_count=2076 1332 744 829 411 606 401 301 266 100 503 402 130 333 223 181 101 205 145 125 278 237 136 209 169 148 43 66 46 100
cat_boundaries=0 2 4 6 8
cat_threshold=805735952 228100 47718402 130 1275072512 1024 42475552 194
is_linear=0
shrinkage=0.05


Tree=8
num_leaves=31
num_cat=0
split_feature=5 16 5 17 1 5 12 17 13 16 17 11 5 17 17 11 2 1 16 5 2 9 10 7 11 16 3 10 2 16
split_gain=183.526 32.1198 39.932 25.5771 35.7404 15.209 10.3707 12.3196 9.37729 9.35342 13.2071 8.67857 10.3906 7.96873 7.51614 7.46876 7.36364 7.08855 6.96355 8.82986 6.63908 5.87764 11.4728 5.69524 5.7405 5.58072 5.57157 5.52122 5.31314 7.47959
threshold=284.37500000000006 2.8552012599513841 615.12500000000011 51.500000000000007 128.50000000000003 11.625000000000002 134.67968435554161 6.5000000000000009 1481.0000000000002 5.980882406739779 43.500000000000007 230.37500000000003 637.62500000000011 14.500000000000002 45.500000000000007 1.1250000000000002 145.50000000000003 128.50000000000003 1.8883685113234627 232.37500000000003 193.50000000000003 137.34403821129234 681.00000000000011 603.00000000000011 439.50000000000006 1.6171949018538798 554.00000000000011 770.00000000000011 275.50000000000006 1.8247640300744077
decision_type=10 10 10 2 8 10 8 2 8 10 2 10 10 2 2 8 10 10 10 10 8 10 10 10 10 10 10 10 10 10
left_child=3 2 14 4 5 15 18 20 -4 10 11 -3 -13 -7 17 -1 -11 -2 19 25 -8 -19 28 24 -15 -6 -9 -24 -23 -30
right_child=1 9 8 -5 6 13 7 26 -10 16 -12 12 -14 23 -16 -17 -18 21 -20 -21 -22 22 27 -25 -26 -27 -28 -29 29 -31
leaf_value=-9.0230417358503416 -1.2190586728099391 5.9216405733342592 9.7398853904924323 -9.3514271118696293 -1.9999150284761371 -1.8666938310256969 -5.8548669792434396 1.184317945782565 20.792406695179935 -5.3848928418764563 53.321419045245854 -6.1870868186056498 4.3804361600725086 -4.7515456004538263 7.1885493133625333 -8.9854341106757811 -7.2518454576116937 4.0551188848549629 -3.9543198908977075 -2.6587546017373671 -2.9150563880046705 -2.9582779840109397 4.8160131138092002 0.32846002178142586 -7.0680891081029049 3.4551804892262883 -1.8731170937661716 2.6950368502686759 -1.4963679631204088 4.2093617702875035
leaf_weight=28 39 28 78 81 21 107 20 242 195 22 28 51 33 157 42 152 22 104 39 23 96 38 93 26 27 20 33 179 36 35
leaf_count=28 39 28 78 81 21 107 20 242 195 22 28 51 33 157 42 152 22 104 39 23 96 38 93 26 27 20 33 179 36 35
internal_value=-0.00112172 0.0140274 0.0181764 -0.0155784 -0.0133703 -0.022837 -0.00384615 -0.000127877 0.0338828 -0.0048913 0.00142857 -0.00625 -0.0142857 -0.0162461 0.0106007 -0.0344444 -0.025 0.00896947 -0.0179612 -0.0078125 -0.0137931 0.0106186 0.00774278 -0.0219048 -0.025 0.00609756 0.00563636 0.0132353 -0.0059633 0.00211268
internal_weight=2095 1023 839 1072 991 497 494 391 273 184 140 112 84 317 566 180 44 524 103 64 116 485 381 210 184 41 275 272 109 71
internal_count=2095 1023 839 1072 991 497 494 391 273 184 140 112 84 317 566 180 44 524 103 64 116 485 381 210 184 41 275 272 109 71
is_linear=0
shrinkage=0.05


Tree=9
num_leaves=31
num_cat=4
split_feature=20 20 0 17 17 3 5 20 8 17 20 9 2 11 11 17 0 2 5 4 16 13 2 16 2 11 11 11 3 3
split_gain=216.718 78.6568 39.8536 30.3457 18.6292 14.6103 14.8011 17.221 14.3477 9.85645 9.07485 8.44082 8.12219 8.03005 7.39454 7.20294 7.16921 10.6747 7.10124 8.40847 6.87784 9.68025 7.50355 6.85536 5.79347 5.75166 7.48632 5.4275 6.08084 6.8854
threshold=0 1 42.500000000000007 51.500000000000007 44.500000000000007 397.50000000000006 642.12500000000011 2 696.87500000000011 22.500000000000004 3 423.82689256410941 552.50000000000011 284.79166666666669 288.87500000000006 44.500000000000007 162.50000000000003 262.50000000000006 380.50000000000006 46.500000000000007 1.8389856569415031 935.00000000000011 34.500000000000007 2.6554906495802926 740.00000000000011 245.75000000000003 280.00000000000006 275.95833333333343 217.50000000000003 290.50000000000006
decision_type=1 1 10 2 2 8 10 1 10 2 1 8 10 8 10 2 10 10 10 8 10 10 10 8 8 8 8 10 10 10
left_child=2 8 23 5 10 9 7 15 20 12 11 13 18 -4 -6 -7 17 -11 19 -3 21 22 -2 -1 -9 -21 -27 -18 -29 -30
right_child=1 3 4 -5 14 6 -8 24 -10 16 -12 -13 -14 -15 -16 -17 27 -19 -20 25 -22 -23 -24 -25 -26 26 -28 28 29 -31
leaf_value=-1.8582453923925486 2.2125387184892644 3.4693359922994134 -2.4577291877823999 -9.1594361291085757 -0.99243266318683399 0.35552792942705341 12.252286921016641 -2.4793839714314148 20.428053863038855 7.0213926441934236 -4.0222957373482187 -7.3202955031135168 13.485105988092645 6.6729941613975177 14.711082661011321 5.9548925180785774 7.8733133074180106 -4.2355912680122172 -2.4439672010161875 -1.8911872754615218 13.354445917566744 -0.50935195426831681 7.1656511071631988 -8.536162405141992 -0.20199420617056918 4.2541338774988935 -0.45766123422609156 1.7976953798996278 9.4152914869616477 3.2573623918961689
leaf_weight=20 47 28 31 36 23 92 33 124 153 31 361 30 25 43 24 21 33 33 27 33 44 25 94 349 53 21 88 59 44 53
leaf_count=20 47 28 31 36 23 92 33 124 153 31 361 30 25 43 24 21 33 33 27 33 44 25 94 349 53 21 88 59 44 53
internal_value=-0.00202117 0.0118061 -0.0207071 0.00319905 -0.0119141 0.00526316 -0.00294118 -0.00655172 0.0309651 0.0108421 -0.0149462 -0.000877193 0.00315315 0.00810811 0.0180851 0.00853659 0.0175889 0.003125 -0.000253807 0.00352941 0.0233333 0.0186747 0.0237589 -0.0334688 -0.0157754 -0.00140845 0.00412844 0.0224868 0.0185897 0.0262887
internal_weight=2078 1197 881 834 512 798 323 290 363 475 465 104 222 74 47 113 253 64 197 170 210 166 141 369 177 142 109 189 156 97
internal_count=2078 1197 881 834 512 798 323 290 363 475 465 104 222 74 47 113 253 64 197 170 210 166 141 369 177 142 109 189 156 97
cat_boundaries=0 2 4 6 8
cat_threshold=3388498403 170 264720 152068 1032 101392 3221225537 128
is_linear=0
shrinkage=0.05


Tree=10
num_leaves=31
num_cat=5
split_feature=20 0 5 17 1 17 20 3 20 11 9 20 13 3 17 20 2 12 16 5 0 6 17 13 6 5 3 9 0 0
split_gain=221.374 65.416 45.6609 33.2705 21.1722 17.298 15.1447 15.8357 14.728 13.256 11.4617 10.7909 11.5973 9.65409 8.65958 9.96015 11.9748 9.90476 7.4144 6.77988 6.42618 6.41778 5.63202 5.57222 7.44546 5.17502 6.20513 4.96136 5.34545 4.74725
threshold=0 81.500000000000014 618.75000000000011 51.500000000000007 55.000000000000007 45.500000000000007 1 207.50000000000003 2 617.54166666666686 254.14532885665565 3 578.50000000000011 400.50000000000006 51.500000000000007 4 1.5000000000000002 125.23873894226358 3.5957403815066287 148.87500000000003 165.50000000000003 132.37491047903814 17.500000000000004 1435.5000000000002 293.94485025633497 81.875000000000014 74.500000000000014 128.91348905435075 347.50000000000006 782.50000000000011
decision_type=1 10 10 2 8 2 1 8 1 8 10 1 8 8 2 1 10 8 8 10 8 10 2 8 10 10 10 10 10 10
left_child=2 8 3 11 -3 6 29 18 22 10 -9 13 21 -1 15 17 -17 -10 -8 -19 -15 -13 -2 24 -4 -18 -27 -22 -29 -6
right_child=1 4 23 -5 5 -7 7 9 14 -11 -12 12 -14 20 -16 16 25 19 -20 -21 27 -23 -24 -25 -26 26 -28 28 -30 -31
leaf_value=3.3087217971156351 -8.1093542848848923 -5.7156748256465493 14.754452724690868 -8.9233219744205421 -1.299672082999237 7.8241303852856028 1.251096161441575 -1.1444909318725658 0.38001698323651428 -5.9678335083484528 3.1258682366090316 -1.3209738587642506 5.6971144935381375 -3.8418835501736552 -8.2665136870957081 5.2321986317909905 -7.6617812048314962 -8.1078035036348926 10.024263018424802 -1.954758662417647 4.3193404300319775 5.6748343422322272 -8.0990816286348917 20.206651169886914 4.0037298336075535 0.83678543056744781 -5.1088814816303687 2.0679012123760177 -1.6815058497540036 -3.6232805649752566
leaf_weight=125 90 87 29 32 312 58 78 80 21 46 81 25 235 21 36 42 22 71 34 20 23 20 140 185 20 42 49 20 24 24
leaf_count=125 90 87 29 32 312 58 78 80 21 46 81 25 235 21 36 42 22 71 34 20 23 20 140 185 20 42 49 20 24 24
internal_value=-0.00157744 -0.0138124 0.0198309 0.0119048 -0.004875 -0.00203366 -0.00435115 0.00349544 -0.0274859 -0.00458937 0.00217391 0.0151116 0.0213793 0.00560538 -0.0180511 -0.0155431 -0.00575758 -0.0262295 0.01875 -0.0357143 -0.00681818 -0.00111111 -0.0375 0.0384615 0.0234694 -0.0146018 -0.00934066 0.000746269 -0.00909091 -0.0115607
internal_weight=2092 1333 759 525 800 713 655 319 533 207 161 493 280 213 303 267 155 112 112 91 88 45 230 234 49 113 91 67 44 336
internal_count=2092 1333 759 525 800 713 655 319 533 207 161 493 280 213 303 267 155 112 112 91 88 45 230 234 49 113 91 67 44 336
cat_boundaries=0 2 4 6 8 10
cat_threshold=805768720 188164 49819720 8202 2168455554 32 268633088 1280 1085292545 8
is_linear=0
shrinkage=0.05


Tree=11
num_leaves=31
num_cat=5
split_feature=20 20 17 15 13 20 17 17 12 5 17 20 2 4 13 20 6 14 4 9 12 7 5 8 12 12 17 2 8 12
split_gain=190.952 86.1562 40.6758 20.5302 20.0917 18.1713 16.5309 12.8281 12.3255 12.1 8.77554 12.259 9.50362 8.49907 8.44799 7.49284 7.03605 7.23057 6.44737 6.53477 7.40546 5.81276 6.00646 5.75429 10.1815 5.68284 5.50095 7.59216 5.29586 5.09987
threshold=0 1 51.500000000000007 0.93750000000000011 594.50000000000011 2 43.500000000000007 50.500000000000007 171.19367883364842 308.50000000000006 29.500000000000004 3 150.50000000000003 135.50000000000003 1502.0000000000002 4 165.78737208503017 1.0000000180025095e-35 230.50000000000003 318.03791788772327 275.71832214470413 269.50000000000006 191.12500000000003 587.50000000000011 235.42676219872541 89.689749259443474 43.500000000000007 537.00000000000011 307.06250000000006 325.7442294535042
decision_type=1 1 2 10 10 1 2 2 10 10 2 1 10 10 10 1 8 8 10 10 10 8 8 10 10 8 2 10 10 10
left_child=3 7 4 5 15 16 -5 14 -6 -8 13 18 -13 28 29 25 17 -1 -12 20 -20 -17 -23 24 26 -3 27 -14 -10 -2
right_child=1 2 -4 6 8 -7 9 -9 10 -11 11 12 23 -15 -16 21 -18 -19 19 -21 -22 22 -24 -25 -26 -27 -28 -29 -30 -31
leaf_value=4.4068374244346149 11.042918472435977 0.38171251309931908 -8.0797178510996925 -4.0375069770755418 4.7053738552717466 -7.7038865706406474 -1.6399423387695742 -3.3019221187141725 4.1582208665838207 53.824598293850002 3.7505702390505591 8.1100509649333592 -1.6819102199338347 5.4743043378752336 18.396318611392569 3.5538958546597827 -7.7317623415051573 -7.7701837832383038 -1.8340802697878602 -6.9400221505119424 1.1775551058390448 -3.2786711129038366 0.13185068645907805 26.179695811239107 -0.88284785519720976 -3.0938540456503634 6.9221477587213771 9.931726039818038 -1.6678957812927735 3.3494511505663809
leaf_weight=23 190 41 43 187 78 284 20 21 25 20 24 23 34 98 131 40 72 21 40 29 21 36 250 24 49 159 21 20 44 28
leaf_count=23 190 41 43 187 78 284 20 21 25 20 24 23 34 98 131 40 72 21 40 29 21 36 250 24 49 159 21 20 44 28
internal_value=-0.000429389 0.00943205 0.00229937 -0.0233124 0.00426136 -0.0305 -0.011674 0.03 0.0111321 0.0175 0.0079646 0.00263158 0.0107735 0.0170659 0.0330946 -0.0026616 -0.0103175 0.00454545 -0.00967742 -0.0166667 -0.00737705 0.00208333 -0.00034965 0.00675676 0.00241935 -0.01 0.014 0.00555556 0.00362319 0.0270642
internal_weight=2096 1469 1099 627 1056 400 227 370 530 40 452 285 171 167 349 526 116 44 114 90 61 326 286 148 124 200 75 54 69 218
internal_count=2096 1469 1099 627 1056 400 227 370 530 40 452 285 171 167 349 526 116 44 114 90 61 326 286 148 124 200 75 54 69 218
cat_boundaries=0 2 4 6 8 10
cat_threshold=2180538754 168 265728 152068 11034624 128 131153 337 1308622945 32770
is_linear=0
shrinkage=0.05


Tree=12
num_leaves=31
num_cat=4
split_feature=20 20 17 0 17 17 6 20 13 6 2 3 0 20 16 6 6 3 0 16 13 12 8 11 11 11 0 3 11 1
split_gain=184.578 82.1451 30.6622 28.0218 14.054 13.8419 13.6148 12.7074 11.097 10.4948 8.34428 8.00433 7.37791 7.07974 7.87626 6.56788 6.15907 11.2751 8.64286 6.10015 6.05551 7.53799 7.50695 7.37804 6.37876 9.00915 6.2007 5.40916 7.19174 5.35048
threshold=0 1 51.500000000000007 42.500000000000007 50.500000000000007 16.500000000000004 238.34410133665486 2 1435.5000000000002 81.687151072524031 332.00000000000006 88.500000000000014 849.50000000000011 3 3.2448200381890477 293.94485025633497 144.44807557494252 301.00000000000006 139.50000000000003 2.4790057357001785 544.00000000000011 197.37530609489775 316.00000000000006 383.12500000000006 290.87500000000006 317.66666666666674 137.50000000000003 180.50000000000003 516.83333333333337 180.50000000000003
decision_type=1 1 2 10 2 2 10 1 8 10 10 10 10 1 8 10 10 10 10 8 10 10 10 10 10 10 10 10 10 10
left_child=3 4 5 -1 8 7 -5 9 15 -3 11 -8 13 16 20 -2 17 18 -7 -10 26 24 -23 -24 -22 -26 -15 -18 -29 -11
right_child=1 2 -4 6 -6 12 10 -9 19 29 -12 -13 -14 14 -16 -17 27 -19 -20 -21 21 22 23 -25 25 -27 -28 28 -30 -31
leaf_value=-7.3186922421086154 5.9442274140528752 -7.5603812795071734 -7.692152165727828 -3.231320867055187 -3.1368260127784637 -4.7292547655702295 1.4751487487293702 0.023121780311424801 18.413868929513981 0.4497198925357026 5.5869918506576841 -4.5683275312438374 11.434702380118475 2.3669001844494004 3.8961649818292177 -0.50710788793445549 -1.1411613669629588 -3.8331776005192157 5.854705587118211 10.317890329727248 4.4755192271491797 -4.8931710149239578 6.5257872095415026 -0.22890243756048961 -1.0054065365375693 4.3126935172168874 -1.331901974098517 4.0115972443215382 -1.2449958772339926 -4.0410766910001801
leaf_weight=310 109 43 40 188 21 28 33 233 144 35 42 44 48 20 52 21 31 37 28 89 32 21 28 80 27 84 75 82 35 25
leaf_count=310 109 43 40 188 21 28 33 233 144 35 42 44 48 20 52 21 31 37 28 89 32 21 28 80 27 84 75 82 35 25
internal_value=-0.00208633 0.00757781 0.000457038 -0.0248006 0.0271574 0.00210728 -0.0144951 -0.00625 0.0301653 -0.0199115 -0.0012605 -0.011039 0.00607345 0.00469697 0.00850816 0.0184615 -0.00219124 -0.0123656 0.00178571 0.0366953 0.00613079 0.00992647 0.00116279 0.00648148 0.0178322 0.0121622 -0.00473684 0.00405405 0.00897436 -0.00833333
internal_weight=2085 1468 1084 617 384 1044 307 336 363 103 119 77 708 660 419 130 241 93 56 233 367 272 129 108 143 111 95 148 117 60
internal_count=2085 1468 1084 617 384 1044 307 336 363 103 119 77 708 660 419 130 241 93 56 233 367 272 129 108 143 111 95 148 117 60
cat_boundaries=0 2 4 6 8
cat_threshold=2180530562 1192 264720 152068 1275076644 65538 67309637 321
is_linear=0
shrinkage=0.05


Tree=13
num_leaves=31
num_cat=4
split_feature=20 20 17 3 17 17 20 7 17 8 5 4 17 2 2 12 16 3 17 20 2 1 6 9 1 8 9 16 4 10
split_gain=156.453 74.8759 37.7405 22.3221 14.3315 12.4645 12.857 14.3974 11.2369 9.17658 9.64387 8.82457 8.76827 7.94514 7.39615 7.01146 11.9435 6.77212 10.5807 6.69271 9.89623 7.41601 7.07834 6.92789 6.32554 6.30753 5.94721 8.04497 5.89478 6.69546
threshold=0 1 51.500000000000007 17.500000000000004 50.500000000000007 15.500000000000002 2 784.50000000000011 45.500000000000007 145.06250000000003 284.37500000000006 582.50000000000011 36.500000000000007 214.50000000000003 279.50000000000006 89.055707414781111 2.234197237558079 473.00000000000006 17.500000000000004 3 324.50000000000006 596.50000000000011 406.28475571003406 122.85146036798126 137.50000000000003 1.0000000180025095e-35 182.64812827490061 2.138662333339536 576.50000000000011 705.50000000000011
decision_type=1 1 2 10 2 2 1 8 2 8 8 8 2 8 10 8 8 10 2 1 8 10 10 8 10 8 8 10 10 8
left_child=3 4 5 24 11 6 -3 -8 15 -7 14 12 17 -12 -11 -5 -17 -2 -19 22 -21 28 23 -15 25 -1 -25 -28 29 -22
right_child=1 2 -4 8 -6 9 7 -9 -10 10 13 -13 -14 19 -16 16 -18 18 -20 20 21 -23 -24 26 -26 -27 27 -29 -30 -31
leaf_value=-4.2734254194148056 -0.56465933828134218 0.65332208998055707 -7.3638865328022423 1.3821478788790622 -6.1299847121395405 9.5128351894021339 -0.76155106695296704 -6.4046452282441386 7.9979019816399619 -0.004431021512768041 6.0658659683457508 14.373479241295071 11.859620253039253 4.2884397542333863 -2.594783452458806 -5.1231493680542561 -3.2917112397097186 10.923458712552632 0.17446777867612584 -3.8098740406555027 3.4147831927419761 -2.5296830713178569 9.3562887626912339 -1.0790869438086517 -4.0644057762227748 -6.9528351690656836 3.4130517962276374 -0.77767437021974084 6.830264920590718 -0.47696205619328824
leaf_weight=23 37 102 44 26 20 26 157 62 31 146 77 230 36 27 42 49 223 24 31 46 36 31 31 60 47 239 69 30 26 78
leaf_count=23 37 102 44 26 20 26 157 62 31 146 77 230 36 27 42 49 223 24 31 46 36 31 31 60 47 239 69 30 26 78
internal_value=-0.00237417 0.00663058 -9.09091e-05 -0.0228395 0.0255155 0.00181644 -0.00638629 -0.0128821 -0.0141337 0.00544828 0.00436338 0.0284916 0.0179688 0.00792564 -0.00531915 -0.0171141 -0.0194853 0.00978261 0.0209091 0.00529954 -0.00110132 0.00438596 0.0112335 0.00806452 -0.0328479 -0.0358779 0.00408805 0.0116162 0.00928571 0.00438596
internal_weight=2106 1468 1090 638 378 1046 321 219 329 725 699 358 128 511 188 298 272 92 55 434 217 171 217 186 309 262 159 99 140 114
internal_count=2106 1468 1090 638 378 1046 321 219 329 725 699 358 128 511 188 298 272 92 55 434 217 171 217 186 309 262 159 99 140 114
cat_boundaries=0 2 4 6 8
cat_threshold=2180530594 104 265728 152068 167952 8465 1409351752 99602
is_linear=0
shrinkage=0.05


Tree=14
num_leaves=31
num_cat=5
split_feature=20 20 1 17 15 17 20 20 5 17 20 5 17 5 3 4 17 6 3 6 5 1 17 5 11 3 11 17 17 3
split_gain=169.264 73.0224 33.4848 28.3658 24.5578 14.798 21.8207 12.6883 14.916 11.9874 10.0273 9.11491 10.7313 8.23537 7.93892 7.92744 7.07937 10.1064 7.07857 6.97583 6.08948 6.02131 5.9612 5.77614 7.028 5.55429 5.33968 5.29868 4.85464 10.6923
threshold=0 1 452.50000000000006 51.500000000000007 0.93750000000000011 25.500000000000004 2 3 324.37500000000006 29.500000000000004 4 318.00000000000006 37.500000000000007 481.00000000000006 190.50000000000003 606.50000000000011 44.500000000000007 343.07905287197923 282.50000000000006 44.919835944602553 858.00000000000011 67.500000000000014 19.500000000000004 279.62500000000006 445.04166666666669 336.50000000000006 556.45833333333337 36.500000000000007 50.500000000000007 99.500000000000014
decision_type=1 1 10 2 10 2 1 1 8 2 1 10 2 10 8 10 2 8 10 10 10 10 2 10 10 10 10 2 2 10
left_child=2 4 15 5 -2 7 9 -3 10 -7 21 -6 -13 -10 -12 28 18 -18 27 -11 -4 -9 25 -21 -25 -16 -26 -8 29 -1
right_child=1 3 20 -5 11 6 16 8 13 19 14 12 -14 -15 22 -17 17 -19 -20 23 -22 -23 -24 24 26 -27 -28 -29 -30 -31
leaf_value=11.05719113515981 -6.6051158715499003 1.5234063817155645 9.2558228776132552 -6.9708782927602986 -3.4169175884129204 2.5475458258691219 0.76815591628516133 -4.7056119709016597 -4.7190684787733543 0.16392662554067103 1.7190613914910344 -6.2840152282783626 17.647163804596946 -1.2341408134309519 -1.2493360007961571 9.0928367105134278 7.4898959411740895 0.17082159246300394 0.0043235140034433078 -3.7748061768369112 19.020352162626072 -2.5839757303157782 -2.7107336323750846 0.18989859454313207 -4.2336686880363477 3.2924479633973989 -0.99739919730819793 5.7222255195587906 -6.9557704379844445 -0.71561278910866122
leaf_weight=49 341 110 175 44 86 35 71 37 101 33 76 40 31 30 35 40 37 29 116 53 110 75 21 57 24 25 21 43 27 100
leaf_count=49 341 110 175 44 86 35 71 37 101 33 76 40 31 30 35 40 37 29 116 53 110 75 21 57 24 25 21 43 27 100
internal_value=-0.00323359 -0.0112903 0.02182 -0.00383195 -0.0269685 -0.00218659 0.00375723 -0.00823529 -0.0121951 -0.00793991 -0.00576208 -0.0111465 0.00211268 -0.0263359 0.00269461 0.00740741 0.0124183 0.0272727 0.00869565 -0.0132979 0.0335088 -0.0163934 -0.00802469 -0.0177419 -0.0107843 0 -0.0255556 0.0175439 0.00284091 0.00637584
internal_weight=2072 1571 501 1073 498 1029 519 510 400 223 269 157 71 131 157 216 296 66 230 188 285 112 81 155 102 60 45 114 176 149
internal_count=2072 1571 501 1073 498 1029 519 510 400 223 269 157 71 131 157 216 296 66 230 188 285 112 81 155 102 60 45 114 176 149
cat_boundaries=0 2 4 6 8 10
cat_threshold=67374608 152084 2177909123 40 2785352 65923 131080 73985 1208516612 1026
is_linear=0
shrinkage=0.05


Tree=15
num_leaves=31
num_cat=4
split_feature=20 20 17 0 17 20 1 2 9 12 2 1 20 11 15 17 11 17 10 6 9 17 12 1 17 0 10 1 10 2
split_gain=169.717 80.6408 36.9219 24.7638 16.3241 15.4474 10.1692 9.33742 9.74079 9.62463 9.30948 7.97474 8.31587 7.09448 7.05393 7.05147 11.3067 12.2846 9.21562 6.71791 7.98275 5.68288 5.62777 6.4381 5.39986 5.2978 5.04644 4.80338 7.34402 4.75152
threshold=0 1 51.500000000000007 42.500000000000007 6.5000000000000009 2 520.00000000000011 829.50000000000011 610.02548980695894 463.79088058753172 111.50000000000001 500.50000000000006 3 990.95833333333337 0.56250000000000011 25.500000000000004 278.41666666666669 15.500000000000002 305.50000000000006 240.07350405567396 68.090252645632134 31.500000000000004 197.37530609489775 414.50000000000006 10.500000000000002 246.50000000000003 873.00000000000011 308.50000000000006 475.50000000000006 41.500000000000007
decision_type=1 1 2 10 2 1 10 10 10 10 10 10 1 8 10 2 10 2 10 8 8 2 8 10 2 10 8 8 10 10
left_child=3 10 4 24 -3 6 14 8 9 11 -2 12 27 -12 -6 16 17 18 -14 20 -5 -9 23 -17 -1 -20 -24 28 -7 -21
right_child=1 2 -4 19 5 7 -8 21 -10 -11 13 -13 15 -15 -16 22 -18 -19 25 29 -22 -23 26 -25 -26 -27 -28 -29 -30 -31
leaf_value=-6.3856187253146395 3.0612056862644681 -3.1210801220663371 -6.6374422328981373 0.093224413434528947 4.5045546490914106 -7.2597780021555671 -2.3852587806557239 20.166391381330453 -7.0781979192459055 14.995858293649171 8.6414906518873451 5.1418601174396388 2.132369069344378 17.624595231803209 -0.35395449278452418 4.5786557661883114 -1.7079884427077845 3.5005440963418026 -3.0630222341012572 -8.0202275672643761 -4.1673285330522436 12.294638829546001 -5.9436491647097398 -0.10026909139190537 -6.2748600779724057 0.18350380997549109 2.4728630974333132 -2.0783021568363695 2.3365603574560994 -0.30557689546114947
leaf_weight=78 54 136 47 20 27 22 59 21 21 22 216 110 25 111 345 84 35 32 26 30 94 22 21 21 196 23 29 47 43 80
leaf_count=78 54 136 47 20 27 22 59 21 21 22 216 110 25 111 345 84 35 32 26 30 94 22 21 21 196 23 29 47 43 80
internal_value=-0.00178827 0.00618397 -0.000162866 -0.0269685 0.00157985 0.00371981 -0.00351474 0.00879479 0.00721925 0.00851852 0.0259591 0.00714286 0.00392157 0.0298165 -0.000537634 0.00816993 0.00035461 0.00849057 -0.0027027 -0.0151786 -0.0236842 0.0313953 0.0158065 0.022381 -0.0375912 -0.0153061 0.002 -0.00737705 0.000769231 -0.00636364
internal_weight=2097 1599 1218 498 1171 1035 431 604 561 540 381 518 408 327 372 296 141 106 74 224 114 43 155 105 274 49 50 112 65 110
internal_count=2097 1599 1218 498 1171 1035 431 604 561 540 381 518 408 327 372 296 141 106 74 224 114 43 155 105 274 49 50 112 65 110
cat_boundaries=0 2 4 6 8
cat_threshold=2180006274 40 265728 152068 134787176 8323 1140981776 256
is_linear=0
shrinkage=0.05


Tree=16
num_leaves=31
num_cat=5
split_feature=20 20 17 0 20 17 20 20 3 2 2 3 2 2 2 16 6 17 10 3 16 9 15 13 0 4 2 17 6 12
split_gain=154.421 69.1648 36.8036 32.0465 13.0274 11.4188 12.263 10.8359 11.1037 12.9703 10.6561 8.19798 8.9014 8.17089 7.37522 7.09679 8.06532 6.83131 8.34021 6.63906 6.62288 6.46158 7.90171 7.00283 6.18126 6.06061 6.0261 6.70019 5.63223 5.42219
threshold=0 1 51.500000000000007 47.500000000000007 2 22.500000000000004 3 4 157.50000000000003 103.50000000000001 350.50000000000006 52.500000000000007 324.50000000000006 638.50000000000011 927.00000000000011 2.2772864118350218 166.91190248078831 29.500000000000004 681.00000000000011 262.50000000000006 1.7679590934204834 1.0000000180025095e-35 0.68750000000000011 339.00000000000006 628.00000000000011 361.00000000000006 214.50000000000003 23.500000000000004 222.03520878690878 150.85318666936084
decision_type=1 1 2 10 1 2 1 1 8 10 10 8 10 8 10 8 10 2 10 8 10 8 10 10 10 10 10 2 10 10
left_child=3 14 5 21 13 7 15 8 -3 -10 24 -8 -13 26 20 16 -7 -14 -19 -11 -2 -1 -23 -24 -9 -18 27 -5 -12 -21
right_child=1 2 -4 4 -6 6 11 10 9 19 28 12 17 -15 -16 -17 25 18 -20 29 -22 22 23 -25 -26 -27 -28 -29 -30 -31
leaf_value=-3.8014306585625657 7.0599334595047756 6.2568994108804077 -6.4752886014987387 -2.21285392689733 -0.050104502259700472 4.3514953468366349 8.828221826493369 -0.10136113541057412 -4.0978956093957546 -1.0105580142364303 -4.5811592792812545 -0.76470046377744305 3.8319999454932629 0.14396794919052811 23.454887902561026 9.3193255410793228 -1.4057865615769232 3.3606321593613959 -0.39486598474768897 3.4053146574979252 11.818523393689581 -6.0593810788152114 0.38366007426630094 -5.4538421931994199 -3.4492141800445979 7.1081464815878608 -5.2229717519773819 -4.0015080073579075 -1.8534714092548825 0.30948583348864533
leaf_weight=30 126 43 40 62 166 103 22 168 44 29 30 180 45 39 83 69 33 31 76 48 48 234 20 58 20 33 47 75 26 47
leaf_count=30 126 43 40 62 166 103 22 168 44 29 30 180 45 39 83 69 33 31 76 48 48 234 20 58 20 33 47 75 26 47
internal_value=-0.00238554 0.00768095 0.00205105 -0.0207152 -0.0111825 0.00386819 0.00844595 -0.00208791 0.0061086 0.000595238 -0.00905512 0.0021978 0.000301205 -0.0186695 0.0305243 0.0169355 0.0121302 0.00921053 0.00233645 0.00887097 0.0258621 -0.0321637 -0.0342949 -0.0205128 -0.0037234 -0.00151515 -0.023913 -0.0186131 -0.0285714 0.0152632
internal_weight=2075 1344 1087 731 389 1047 592 455 211 168 244 354 332 223 257 238 169 152 107 124 174 342 312 78 188 66 184 137 56 95
internal_count=2075 1344 1087 731 389 1047 592 455 211 168 244 354 332 223 257 238 169 152 107 124 174 342 312 78 188 66 184 137 56 95
cat_boundaries=0 2 4 6 8 10
cat_threshold=3254272387 171 2560 152064 14155779 10 201659408 33796 268895248 67924
is_linear=0
shrinkage=0.05


Tree=17
num_leaves=31
num_cat=0
split_feature=0 1 2 8 4 1 1 13 12 6 2 17 0 8 11 11 2 4 1 5 2 8 9 8 5 4 16 2 1 0
split_gain=124.472 37.7055 21.7673 20.2311 12.0293 11.015 10.911 11.216 10.0835 10.5369 8.43331 7.95886 20.9445 7.83286 7.31102 6.96374 8.64379 6.59797 7.23478 6.48521 6.05642 13.6887 9.49236 6.01414 6.10704 5.94664 5.99324 9.4347 5.94445 5.69625
threshold=42.500000000000007 482.50000000000006 159.50000000000003 820.75000000000011 650.00000000000011 1160.5000000000002 165.50000000000003 544.00000000000011 733.80828847033388 85.055815190721191 457.50000000000006 51.500000000000007 42.500000000000007 516.31250000000011 332.91666666666669 341.95833333333343 299.50000000000006 576.50000000000011 1125.5000000000002 326.37500000000006 24.500000000000004 1471.2500000000002 691.7212680884719 1.0000000180025095e-35 11.625000000000002 552.50000000000011 2.0061905445791708 607.00000000000011 17.500000000000004 388.50000000000006
decision_type=10 10 10 10 8 10 8 8 10 8 10 2 8 10 8 10 10 8 10 8 10 8 8 8 10 8 10 10 10 10
left_child=2 6 11 5 -4 14 20 29 9 -9 15 12 23 -7 -3 -11 -17 18 -5 -16 22 -22 28 -1 -25 26 27 -12 -2 -8
right_child=1 3 4 17 -6 13 7 8 -10 10 25 -13 -14 -15 19 16 -18 -19 -20 -21 21 -23 -24 24 -26 -27 -28 -29 -30 -31
leaf_value=-4.9217635180745267 2.3018131490782374 -0.63809193584738466 -5.8641328608932417 0.11820136562292589 1.4956950438751293 2.1818567929492558 -1.8591161648178876 3.3204864932827038 -2.3465167724976688 0.86646655747874779 3.7202411879330399 -5.833768532375605 -0.18429486574732154 -7.7395892135385118 -0.48269669585459812 -2.3542540796295528 1.2041377369888266 21.70104645858158 19.038188853654145 5.4717156533857434 -1.1823850777791662 3.1693631392642829 -7.3029203707339851 -5.6581480201330248 -4.2745612912872444 12.846079614770225 3.4369412376705073 -4.8902801957844559 -5.5530790342497953 3.0768638077488948
leaf_weight=30 22 52 42 26 51 23 110 53 24 187 30 80 74 21 22 51 45 87 20 222 301 31 32 157 100 52 43 27 25 28
leaf_count=30 22 52 42 26 51 23 110 53 24 187 30 80 74 21 22 51 45 87 20 222 301 31 32 157 100 52 43 27 25 28
internal_value=-0.00280464 0.00443286 -0.0235955 0.0161734 -0.0016129 0.00970588 -0.000801131 0.00323077 0.00664063 0.00819672 0.00563218 -0.0282313 -0.0250693 -0.0136364 0.0131757 0.000530035 -0.0104167 0.0327068 0.0173913 0.0168033 -0.00717762 -0.00421687 -0.0196203 -0.0311847 -0.0336576 0.0151316 0.008 -0.00263158 -0.00531915 -0.00942029
internal_weight=2068 1534 534 473 93 340 1061 650 512 488 435 441 361 44 296 283 96 133 46 244 411 332 79 287 257 152 100 57 47 138
internal_count=2068 1534 534 473 93 340 1061 650 512 488 435 441 361 44 296 283 96 133 46 244 411 332 79 287 257 152 100 57 47 138
is_linear=0
shrinkage=0.05


Tree=18
num_leaves=31
num_cat=4
split_feature=20 20 6 0 6 18 11 20 10 10 8 7 12 0 0 8 8 11 1 2 20 11 3 11 12 0 0 3 11 0
split_gain=139.381 71.2077 26.0969 22.8744 14.2857 12.78 10.7959 9.58103 10.8872 8.52719 7.89174 7.56426 7.44063 7.91398 8.48161 6.08031 6.2929 6.07225 4.95389 4.88634 4.87526 7.73333 6.35101 10.24 6.92115 6.94795 6.19845 5.67391 5.46628 4.95918
threshold=0 1 5199.5595455041193 42.500000000000007 240.07350405567396 10.500000000000002 848.70833333333337 2 570.00000000000011 1535.0000000000002 1.0000000180025095e-35 449.50000000000006 155.30540528816871 305.50000000000006 414.50000000000006 158.37500000000003 198.18750000000003 224.00000000000003 448.50000000000006 1071.5000000000002 3 566.45833333333348 210.50000000000003 305.95833333333343 190.02211761541719 86.500000000000014 569.50000000000011 473.00000000000006 475.66666666666669 266.50000000000006
decision_type=1 1 8 8 10 2 10 1 8 10 8 10 8 10 10 8 8 8 10 10 1 10 8 10 8 10 10 10 8 10
left_child=3 9 6 10 -5 -6 7 8 11 19 -1 -3 -10 18 -15 -9 17 -17 -14 -2 22 27 23 -18 -24 -26 -27 -22 29 -29
right_child=1 2 -4 4 5 -7 -8 15 12 -11 -12 -13 13 14 -16 16 20 -19 -20 -21 21 -23 24 -25 25 26 -28 28 -30 -31
leaf_value=-1.794650050431972 6.6969803075569416 3.1865715448064735 -4.8193287144233778 -3.8464234354352982 -2.6546392733701283 34.224822097902226 12.244028851210656 2.6602881414351973 5.0342064559297803 17.356542660078198 -5.3697414562905115 -2.1098712076793817 1.5868373743265494 -2.1585475333857747 2.7585577105859915 -0.16647553460626199 3.4688896860553373 -4.5477236313024321 12.330551095991801 23.955114952582434 0.2878868287961886 12.766809888971018 -5.5463831357571145 -1.716988467329398 -7.5071169147189813 0.29841035652336817 -1.452676407797884 -4.5640241530724186 -2.4631265412218255 3.7079046203925814
leaf_weight=20 161 54 166 213 119 22 32 49 23 64 236 35 49 42 106 29 53 21 26 29 276 27 21 23 24 65 29 21 23 28
leaf_count=20 161 54 166 213 119 22 32 49 23 64 236 35 49 42 106 29 53 21 26 29 276 27 21 23 24 65 29 21 23 28
internal_value=-0.00349952 0.00484522 -0.000243506 -0.0233871 -0.0155367 -0.00319149 0.00265152 0.00175781 0.00855072 0.0284091 -0.0351562 -0.00617978 0.0142276 0.011435 0.00472973 -0.00164521 -0.00296875 -0.02 0.0246667 0.0242105 -0.00152542 0.00194805 -0.00733333 0.00394737 -0.0140288 -0.00932203 -0.00319149 0 -0.0125 -0.00306122
internal_weight=2086 1476 1222 610 354 141 1056 1024 335 254 256 89 246 223 148 689 640 50 75 190 590 375 215 76 139 118 94 348 72 49
internal_count=2086 1476 1222 610 354 141 1056 1024 335 254 256 89 246 223 148 689 640 50 75 190 590 375 215 76 139 118 94 348 72 49
cat_boundaries=0 2 4 6 8
cat_threshold=2180530563 42 2560 152064 1879446544 32768 33595456 197
is_linear=0
shrinkage=0.05


Tree=19
num_leaves=31
num_cat=5
split_feature=20 17 20 15 1 20 17 17 20 20 11 17 11 3 1 1 2 16 3 17 17 17 10 10 5 12 1 6 16 3
split_gain=122.699 57.3405 59.3664 28.2335 13.0885 11.5373 9.92007 9.09244 20.3026 12.5124 8.76666 7.70723 8.35232 6.89097 7.72031 7.63269 6.55902 6.44811 5.95821 6.65188 10.8824 5.28551 5.03322 10.4626 5.15454 4.77113 5.34887 4.76528 6.78575 5.57053
threshold=0 51.500000000000007 1 0.81250000000000011 92.500000000000014 2 37.500000000000007 22.500000000000004 3 4 990.95833333333337 29.500000000000004 416.45833333333343 539.00000000000011 541.50000000000011 545.50000000000011 187.50000000000003 1.4032318875453431 62.500000000000007 41.500000000000007 44.500000000000007 32.500000000000007 673.00000000000011 834.50000000000011 279.62500000000006 171.19367883364842 71.500000000000014 117.0516185826876 2.1077202010024041 249.50000000000003
decision_type=1 2 1 10 8 1 2 2 1 1 8 2 8 10 10 10 10 10 10 2 2 2 10 10 10 8 10 10 10 10
left_child=3 2 -2 5 25 -1 -5 8 -6 11 -7 12 -9 14 27 -15 -10 -18 -8 -20 -21 22 24 -24 -11 -4 -27 -13 29 -29
right_child=1 -3 4 6 7 10 18 9 16 21 -12 13 -14 15 -16 -17 17 -19 19 20 -22 -23 23 -25 -26 26 -28 28 -30 -31
leaf_value=-5.2820968666243466 12.764137912576391 -5.5893642616963053 1.9569235194648855 -3.0749692420859343 2.1155583843360688 0.52367694889184124 1.9578781098716065 0.11678477145162276 -0.4459329436441003 1.0020508660748078 -5.1012931530072354 -0.17911448803538407 10.82507826822706 -4.6172009864561323 -1.1801791233509051 0.6207759646051656 2.7152580123816366 -2.922739324034862 2.6130063009426152 -3.1227401498608076 3.0381467767218413 5.6969111026648456 4.7824961331332903 -3.0088517858778037 -3.7131675574467446 -2.0326388682237666 -6.4105486981972266 5.9239711223938372 -0.16977983101509439 7.3816069712448229
leaf_weight=223 240 59 23 190 206 29 21 53 86 21 89 68 29 32 29 20 21 80 27 25 30 185 27 25 22 129 22 25 35 32
leaf_count=223 240 59 23 190 206 29 21 53 86 21 89 68 29 32 29 20 21 80 27 25 30 185 27 25 22 129 22 25 35 32
internal_value=-0.00292439 0.00503719 0.0070922 -0.021118 0.00228814 -0.0312317 -0.0100683 0.00451807 -0.00139949 0.00837479 -0.0140625 0.00135135 0.0146341 -0.00311203 0.00132275 -0.0192308 -0.0129442 -0.0222772 0.00242718 -0.00365854 -0.0136364 0.0158621 0.00684211 0.0173077 -0.00581395 -0.0103448 -0.0135762 0.005625 0.0130435 0.0236842
internal_weight=2103 1469 1410 634 1170 341 293 996 393 603 118 323 82 241 189 52 187 101 103 82 55 280 95 52 43 174 151 160 92 57
internal_count=2103 1469 1410 634 1170 341 293 996 393 603 118 323 82 241 189 52 187 101 103 82 55 280 95 52 43 174 151 160 92 57
cat_boundaries=0 2 4 6 8 10
cat_threshold=3254256002 106 512 152068 1090519426 40 461929 67857 805511273 76049
is_linear=0
shrinkage=0.05


Tree=20
num_leaves=31
num_cat=4
split_feature=20 0 20 1 2 20 1 3 18 0 12 4 0 1 4 1 20 4 2 9 7 10 18 8 5 3 2 4 0 18
split_gain=134.674 55.0745 32.4567 15.9516 14.3995 12.6038 10.733 10.2876 9.97486 9.73727 7.7984 8.67554 11.6413 7.50859 6.54493 8.02917 6.45718 6.4251 8.41524 6.12452 5.95569 5.93939 5.74123 14.0559 6.27815 5.26521 5.79865 6.18761 6.90704 8.11228
threshold=0 34.500000000000007 1 192.50000000000003 329.00000000000006 2 1.0000000180025095e-35 194.50000000000003 10.500000000000002 849.50000000000011 122.7047757028305 386.50000000000006 1009.0000000000001 92.500000000000014 3.5000000000000004 175.50000000000003 3 96.500000000000014 60.500000000000007 305.22790497899922 1511.5000000000002 587.00000000000011 4.5000000000000009 77.125000000000014 6.3750000000000009 978.50000000000011 324.50000000000006 376.50000000000006 162.50000000000003 8.5000000000000018
decision_type=1 10 1 10 8 1 10 8 2 10 8 10 10 10 8 10 1 10 10 8 8 8 2 8 10 8 10 10 10 2
left_child=2 16 6 4 -4 7 -1 17 -9 25 -7 12 13 21 -15 -16 -2 18 -3 -6 -8 -12 24 -24 -18 26 27 28 -5 -30
right_child=1 5 3 9 19 10 20 8 -10 -11 11 -13 -14 14 15 -17 22 -19 -20 -21 -22 -23 23 -25 -26 -27 -28 -29 29 -31
leaf_value=1.3829574610544058 -4.8426487029806307 4.1755983773702114 1.1626797792112342 0.66721893138701782 -1.6731775594483196 -3.662921880097322 8.9316759363788076 -1.4993226312417278 12.3320580603264 11.351507499571941 0.37246922049689568 -3.3615417814639943 -8.6204296408730698 7.9747002639666782 2.1540042714240601 -1.2126879692562653 -5.0863866406164737 2.0936574237000798 -1.5628527312284832 -3.0080880501317071 17.277184926433144 -5.2629029308458888 9.2276244547609476 -4.9838207704622075 -2.488903196439634 -0.67374476725358934 3.3342627798658926 3.8347339483261891 -1.9289882242382277 5.1928596238232814
leaf_weight=33 115 21 75 22 35 65 166 185 30 39 22 75 25 20 46 117 73 85 54 73 47 44 34 139 45 41 185 48 76 20
leaf_count=33 115 21 75 22 35 65 166 185 30 39 22 75 25 20 46 117 73 85 54 73 47 44 34 139 45 41 185 48 76 20
internal_value=-0.00318735 -0.0139834 0.0118391 0.00544872 -0.0068306 -0.00640051 0.0269531 0.00038961 -0.00674419 0.0107889 -0.0122642 -0.00959885 -0.00547445 -0.00220884 0.00300546 -0.000306748 -0.029064 0.01 -0.000666667 -0.0185185 0.0321596 -0.0166667 -0.022093 -0.017052 -0.0313559 0.00841837 0.0103989 0.00361446 -0.00254237 -0.00833333
internal_weight=2055 1195 860 614 183 789 246 375 215 431 414 349 274 249 183 163 406 160 75 108 213 66 291 173 118 392 351 166 118 96
internal_count=2055 1195 860 614 183 789 246 375 215 431 414 349 274 249 183 163 406 160 75 108 213 66 291 173 118 392 351 166 118 96
cat_boundaries=0 2 4 6 8
cat_threshold=1007033872 259604 264704 147968 3256967205 352 16768 32
is_linear=0
shrinkage=0.05


Tree=21
num_leaves=31
num_cat=5
split_feature=20 17 0 20 17 20 20 20 8 5 15 17 7 6 17 15 11 11 3 11 5 4 7 1 5 11 3 1 16 2
split_gain=123.815 49.0671 46.7722 39.8853 14.7689 25.7584 15.5061 13.8397 11.9594 11.1611 10.2196 9.47701 8.99052 8.8605 8.23786 7.94086 6.60757 6.46567 6.41397 7.79116 6.4 5.97925 6.72364 10.3092 5.77995 5.58591 5.66874 5.52352 5.30075 5.26278
threshold=0 51.500000000000007 36.500000000000007 1 31.500000000000004 2 3 4 184.43750000000003 289.62500000000006 0.93750000000000011 16.500000000000004 1511.5000000000002 195.28917013248994 44.500000000000007 0.81250000000000011 542.62500000000011 510.79166666666669 388.50000000000006 412.04166666666669 310.87500000000006 569.50000000000011 726.00000000000011 728.50000000000011 284.37500000000006 288.87500000000006 190.50000000000003 1086.0000000000002 2.3491224496441263 111.50000000000001
decision_type=1 2 10 1 2 1 1 1 8 8 10 2 8 10 2 8 10 8 8 8 10 10 10 10 8 10 10 10 8 8
left_child=2 3 10 12 6 13 11 8 -4 -8 -1 29 21 17 -10 -9 -13 20 19 25 -6 22 -2 -24 -7 -11 -27 -23 -17 -5
right_child=1 -3 7 4 5 24 9 15 14 18 -12 16 -14 -15 -16 28 -18 -19 -20 -21 -22 27 23 -25 -26 26 -28 -29 -30 -31
leaf_value=-4.6820680812320692 5.6276503119630608 -5.1099571419478558 3.4326516293115796 -2.6296739044438682 -0.27204087027285201 0.3672566487632864 0.091422408878398198 -8.3042209225379633 -1.4302271569064473 1.9787916788492355 -1.2941840772141817 4.3506136206964632 17.902136112343495 -5.4259171309868082 6.6458250617644214 -2.8973652769596243 0.63946533655026205 -3.1773184642616772 -2.9699613893719548 6.793405070665222 5.4047957518787744 12.496354427826891 -2.0509435006525538 8.5433447397824178 7.3184641156136427 -3.7301435800571343 -0.25566994830138018 4.8414326694599401 -1.2675467067024782 1.4482569516420882
leaf_weight=334 25 46 28 31 20 42 153 21 170 22 27 78 60 40 31 109 33 27 97 35 20 73 32 23 205 21 25 22 144 89
leaf_count=334 25 46 28 31 20 42 153 21 170 22 27 78 60 40 31 109 33 27 97 35 20 73 32 23 205 21 25 22 144 89
internal_value=-0.0031445 0.00711961 -0.0175057 0.00916454 0.00432489 0.0124294 -0.000513699 -0.00785288 0.00146444 -0.00702479 -0.0314404 0.0093361 0.0271429 -0.00811966 -0.00273632 -0.0151408 0.0202703 0.00223881 -0.015 -0.00631068 0.015 0.0225714 0.0125 0.00272727 0.0208171 -0.0161765 -0.026087 0.0310526 -0.0132411 0
internal_weight=2083 1219 864 1173 938 354 584 503 229 353 361 231 235 107 201 274 111 67 200 103 40 175 80 55 247 68 46 95 253 120
internal_count=2083 1219 864 1173 938 354 584 503 229 353 361 231 235 107 201 274 111 67 200 103 40 175 80 55 247 68 46 95 253 120
cat_boundaries=0 2 4 6 8 10
cat_threshold=3254440354 171 2560 152064 536870929 67856 537133145 65808 3240153088 161
is_linear=0
shrinkage=0.05


Tree=22
num_leaves=31
num_cat=4
split_feature=20 0 20 20 13 8 20 2 3 2 0 9 15 3 18 0 6 11 16 3 3 16 16 11 11 7 6 2 10 16
split_gain=131.105 46.192 40.5439 18.6324 11.632 10.0716 8.06876 7.70524 9.48496 7.32048 8.42355 6.78528 7.47185 6.65152 6.53568 6.33167 6.48663 7.09289 6.67545 10.2035 7.35694 7.19697 6.34616 6.22314 5.20583 4.67277 6.02406 5.04803 4.64992 8.4
threshold=0 42.500000000000007 1 2 476.00000000000006 804.87500000000011 3 48.500000000000007 272.50000000000006 388.50000000000006 628.00000000000011 106.44204874291788 0.81250000000000011 430.50000000000006 8.5000000000000018 118.50000000000001 93.695428456020494 566.45833333333348 1.6123335776729733 270.50000000000006 190.50000000000003 1.5093891298118607 1.9611353375123175 392.04166666666669 297.45833333333337 616.50000000000011 185.19425406612729 111.50000000000001 1007.5000000000001 2.1870396834737194
decision_type=1 10 1 1 10 10 1 8 10 10 8 8 8 10 2 10 10 10 10 10 10 10 10 10 10 8 8 10 10 10
left_child=1 -1 5 7 9 25 -6 -3 14 10 -4 -5 -13 -10 -9 -8 -17 18 21 20 24 -18 23 -21 -20 -2 -27 -28 -29 -30
right_child=2 3 4 11 6 -7 15 8 13 -11 -12 12 -14 -15 -16 16 17 -19 19 22 -22 -23 -24 -25 -26 26 27 28 29 -31
leaf_value=-4.5206414423808905 5.8131197044425962 2.7268522186558801 0.031425401196435131 -4.4149300811866441 -0.49155945942231088 14.155037768285565 7.3334806142996456 -2.3383140682681325 4.4385811261856762 -2.0973666676690672 -3.8019375962150779 -6.8786180352020985 -1.9014386039831495 -0.24889557549174698 0.94511568412083025 2.631673524432351 0.032120372231833019 8.8696807488652247 3.906691805590977 -1.396417943435867 4.8979337560611782 6.8780863820389175 -0.54531727446917422 -4.3884155223433678 -2.413263836244619 -0.30223967422709852 0.94788638222100308 6.6579285452547126 -1.6175434751583737 9.4342719613414712
leaf_weight=372 41 39 235 36 103 121 31 68 42 39 71 24 187 53 37 44 33 39 22 32 33 24 59 26 35 33 53 66 35 21
leaf_count=372 41 39 235 36 103 121 31 68 42 39 71 24 187 53 37 44 33 39 22 32 33 24 59 26 35 33 53 66 35 21
internal_value=-0.00399221 -0.0187788 0.00671642 -0.00884774 0.000478469 0.0202632 0.00550936 0.00140562 -0.0025 -0.00652174 -0.00392157 -0.0180934 -0.0154028 0.00894737 -0.0128571 0.00876289 0.00706052 0.00445545 0.00151515 -0.002657 0.01 0.0166667 -0.0123932 -0.0241379 -0.000877193 0.0150602 0.0120192 0.0157143 0.0213115 0.0107143
internal_weight=2054 858 1196 486 826 370 481 239 200 345 306 247 211 95 105 378 347 303 264 207 90 57 117 58 57 249 208 175 122 56
internal_count=2054 858 1196 486 826 370 481 239 200 345 306 247 211 95 105 378 347 303 264 207 90 57 117 58 57 249 208 175 122 56
cat_boundaries=0 2 4 6 8
cat_threshold=3522716042 1257 395776 152068 3491774464 1249 33554497 8192
is_linear=0
shrinkage=0.05


Tree=23
num_leaves=31
num_cat=3
split_feature=20 0 11 17 20 20 9 2 11 11 4 0 12 5 3 0 17 2 16 17 16 2 16 6 5 9 12 3 2 4
split_gain=121.453 49.6056 36.7408 30.2149 14.5899 12.2015 9.94318 7.94566 8.27479 7.84405 9.96049 7.3239 7.83306 6.83666 6.84515 6.73456 6.69514 9.4439 8.999 10.7496 12.2449 6.39098 6.46211 6.4 6.17849 5.05063 6.45456 4.99354 4.73718 6.60586
threshold=0 42.500000000000007 719.58333333333348 51.500000000000007 1 2 181.12187589025589 486.50000000000006 689.50000000000011 353.91666666666674 329.00000000000006 165.50000000000003 204.6339997473319 465.37500000000006 242.50000000000003 789.00000000000011 17.500000000000004 115.50000000000001 6.76542419879486 51.500000000000007 1.8549044818475229 132.50000000000003 3.209914320685435 171.42668747522777 303.62500000000006 413.99255839760718 306.84897846156986 459.50000000000006 239.50000000000003 287.50000000000006
decision_type=1 10 10 2 1 1 8 10 8 8 10 10 8 10 8 10 2 10 10 2 10 10 10 10 10 10 10 10 8 8
left_child=1 16 3 5 -3 6 -2 9 -9 10 21 -8 -13 14 -11 28 17 -1 19 20 -18 22 -6 -24 -23 26 -14 -15 -7 -30
right_child=2 4 -4 -5 7 15 11 8 -10 13 -12 12 25 27 -16 -17 18 -19 -20 -21 -22 24 23 -25 -26 -27 -28 -29 29 -31
leaf_value=-4.2087725276476604 -0.69858486434412304 -2.6385528009925974 13.416587897891175 -4.7193017191431048 2.6185915159756692 1.2358782139380224 12.493284706990895 10.428414889898429 -0.87658921819964919 -0.19487483378408116 4.8659422309616476 5.3154937628456622 5.3087627122759757 -1.6786925909877539 -4.5963277573699814 -2.9364781029253821 1.4239481441448079 -1.1543291033205976 -4.3112739829365383 -4.3648093373343908 -4.265117965389229 0.64272637087208651 -2.4932174312526278 2.2246322527085036 -3.0795747200369408 8.8585071641638446 -2.544326916372404 17.154852090818345 -0.80245405041787599 0.69066651191821227
leaf_weight=144 32 232 155 40 23 232 35 83 23 31 29 21 115 27 47 30 49 20 35 40 98 20 20 20 31 28 21 20 148 243
leaf_count=144 32 232 155 40 23 232 35 83 23 31 29 21 115 27 47 30 49 20 35 40 98 20 20 20 31 28 21 20 148 243
internal_value=-0.00277247 -0.0153693 0.00864865 0.00502646 -0.00660066 0.00690608 0.0160305 -0.000260417 0.0113208 -0.00485075 0.00314685 0.0204545 0.0164865 -0.014 -0.0230769 0.00309201 -0.0295337 -0.0371951 -0.0238739 -0.0195187 -0.0132653 -0.00350877 0.00714286 -0.005 -0.0166667 0.0128049 0.00882353 0.00106383 0.00425361 0.000895141
internal_weight=2092 992 1100 945 606 905 252 374 106 268 143 220 185 125 78 653 386 164 222 187 147 114 63 40 51 164 136 47 623 391
internal_count=2092 992 1100 945 606 905 252 374 106 268 143 220 185 125 78 653 386 164 222 187 147 114 63 40 51 164 136 47 623 391
cat_boundaries=0 2 4 6
cat_threshold=3623379331 1451 47710210 1026 265728 217600
is_linear=0
shrinkage=0.05


Tree=24
num_leaves=31
num_cat=6
split_feature=20 17 20 0 17 2 20 9 17 2 17 0 20 17 0 5 8 1 17 4 20 16 1 0 8 20 4 10 11 1
split_gain=123.26 46.8302 44.2949 39.8763 15.4528 10.5387 9.74665 8.95767 8.5439 7.95133 7.04547 11.9873 7.60209 7.59859 6.78254 9.60882 6.68426 6.60357 6.53388 10.95 9.18952 6.25197 11.5061 6.53333 6.12815 7.34104 8.00724 7.42796 5.94656 5.81072
threshold=0 51.500000000000007 1 24.500000000000004 43.500000000000007 1026.5000000000002 2 56.546897223896664 34.500000000000007 139.50000000000003 15.500000000000002 628.00000000000011 3 18.500000000000004 168.50000000000003 232.37500000000003 1.0000000180025095e-35 278.50000000000006 37.500000000000007 253.50000000000003 4 1.7955433691202598 552.50000000000011 960.50000000000011 158.37500000000003 5 130.50000000000003 466.00000000000006 297.45833333333337 174.50000000000003
decision_type=1 2 1 10 2 10 1 10 2 10 2 10 1 2 10 8 8 10 2 10 1 8 10 10 10 1 10 10 10 10
left_child=3 2 5 9 10 8 7 -5 21 16 11 12 17 -12 15 -14 -1 -4 20 -20 -8 22 -2 -24 -15 26 -26 -27 -29 -23
right_child=1 -3 4 6 -6 -7 18 -9 -10 -11 13 -13 14 24 -16 -17 -18 -19 19 -21 -22 29 23 -25 25 27 -28 28 -30 -31
leaf_value=-4.5042895759406694 -2.6201618622458853 -4.588864262367621 -0.570514471175116 0.46515212461589645 2.4978448185108619 17.153509820623498 0.37471688150903049 -3.3083509101791182 8.3803071864821757 -3.4406854829988442 1.9594890868888897 -3.3229951467675072 1.8773347945239267 8.9648703695809875 2.6712082143124576 -1.852307017835785 -4.0824950106638225 -2.6060308083292805 9.7709932964386308 -3.1140660029862577 -3.9092820124437999 -0.029673233141554081 7.9887934061520687 -1.0752587254086847 -1.8145704031242191 -4.1772237842827638 1.0733189368185065 0.71760289410380063 -0.584784801179697 6.6069993926745454
leaf_weight=35 23 51 80 23 123 69 107 78 85 40 58 24 34 21 87 30 263 32 56 33 110 23 40 20 27 31 196 34 163 84
leaf_count=35 23 51 80 23 123 69 107 78 85 40 58 24 34 21 87 30 263 32 56 33 110 23 40 20 27 31 196 34 163 84
internal_value=-0.00432692 0.00479554 0.00669782 -0.0204636 0.000947368 0.0217514 -0.0101966 -0.022973 0.018 -0.033432 -0.00152999 -0.00783972 -0.00475285 0.00188679 0.00279503 -0.009375 -0.0362416 -0.0139344 -0.00506329 0.00617978 -0.00990783 0.0121053 0.00180723 0.0133333 -0.000211864 -0.00144124 0.00493562 -0.00756303 -0.00431472 0.0200935
internal_weight=2080 1335 1284 745 940 344 407 101 275 338 817 287 263 530 151 64 298 112 306 89 217 190 83 60 472 451 223 228 197 107
internal_count=2080 1335 1284 745 940 344 407 101 275 338 817 287 263 530 151 64 298 112 306 89 217 190 83 60 472 451 223 228 197 107
cat_boundaries=0 2 4 5 7 9 11
cat_threshold=3254272394 233 263680 184836 13631490 167776308 66562 1073741832 73 671160404 66576
is_linear=0
shrinkage=0.05


Tree=25
num_leaves=31
num_cat=5
split_feature=20 17 20 15 4 17 17 20 20 17 17 1 17 13 6 20 17 3 3 8 17 7 4 1 14 15 5 5 5 8
split_gain=114.486 36.916 36.3898 30.5005 12.2438 11.7213 10.6013 11.062 10.4271 9.5755 8.82307 8.77714 8.17368 7.94016 7.13152 6.31177 7.84214 6.16264 7.33416 6.13636 5.34929 9.05797 5.29094 5.12121 4.32758 7.78981 8.14044 4.11666 4.18246 4.02741
threshold=0 51.500000000000007 1 0.81250000000000011 552.50000000000011 30.500000000000004 22.500000000000004 2 3 44.500000000000007 37.500000000000007 448.50000000000006 24.500000000000004 1.0000000180025095e-35 18.99990077789257 4 20.500000000000004 368.50000000000006 562.00000000000011 378.43750000000006 16.500000000000004 637.50000000000011 893.50000000000011 71.500000000000014 1.0000000180025095e-35 0.43750000000000006 1754.5000000000002 156.50000000000003 192.87500000000003 278.75000000000006
decision_type=1 2 1 10 8 2 2 1 1 2 2 10 2 8 8 1 2 8 10 10 2 10 10 8 8 10 8 10 10 10
left_child=3 2 4 13 5 11 8 10 17 15 -8 -2 -9 -1 -15 16 -5 20 -19 23 21 -4 -14 -10 25 26 -16 -25 -29 -27
right_child=1 -3 6 9 -6 -7 7 12 19 -11 -12 -13 22 14 24 -17 -18 18 -20 -21 -22 -23 -24 27 -26 29 -28 28 -30 -31
leaf_value=-4.5639811533469725 -2.7757143958879027 -4.2379037769781265 2.1976935630216361 -0.49375082701174766 7.9321150867397821 4.8880539771468081 0.16009431199543089 4.043417073409052 1.125285621067718 1.9891824513289755 6.6464260963165804 4.933070451709181 0.10577696612733689 -3.7289401322792664 2.3430209283504198 -1.4881809858970456 -3.0861271362630265 -1.4537710822606429 0.98762465884703943 -4.0170285993981105 2.467481293452801 -3.6253204853427818 -4.5162414979392169 -4.224092611130752 -3.9424441199344802 -4.5773315479228378 -3.8085681100754303 0.21579897039316764 -2.2425439511370668 -4.1081932875028535
leaf_weight=21 35 51 69 29 238 43 58 27 42 40 49 40 410 131 23 137 83 70 26 24 34 23 23 48 97 29 25 28 78 22
leaf_count=21 35 51 69 29 238 43 58 27 42 40 49 40 410 131 23 137 83 70 26 24 34 23 23 48 97 29 25 28 78 22
internal_value=-0.00445689 0.00350631 0.00509158 -0.0218702 0.0185792 0.0059322 0.000147203 0.00467372 -0.00565611 -0.0102076 0.0183761 -0.006 0.00106383 -0.0321839 -0.0340979 -0.0138554 -0.0221311 0.00215517 -0.00729167 -0.0130435 0.00952381 0.00326087 -0.000577367 -0.0107143 -0.0280612 -0.0207071 -0.00625 -0.0149351 -0.00943396 -0.0343137
internal_weight=2053 1416 1365 637 356 118 1009 567 442 289 107 75 460 348 327 249 112 222 96 220 126 92 433 196 196 99 48 154 106 51
internal_count=2053 1416 1365 637 356 118 1009 567 442 289 107 75 460 348 327 249 112 222 96 220 126 92 433 196 196 99 48 154 106 51
cat_boundaries=0 2 4 6 8 9
cat_threshold=3254272386 41 266752 154116 234881024 33792 805514249 65872 15204352
is_linear=0
shrinkage=0.05


Tree=26
num_leaves=31
num_cat=4
split_feature=20 2 17 20 20 17 20 6 17 3 2 3 12 9 12 3 17 17 4 8 17 12 2 2 5 6 3 9 3 16
split_gain=101.472 38.5304 36.1051 32.6816 11.5862 10.6111 10.2592 8.2567 7.96995 7.10888 7.36008 8.56637 7.38796 9.21435 8.04712 6.52299 8.50189 6.11818 7.01299 5.90213 5.46201 4.94728 4.91909 10.0933 5.68606 4.79951 6.69394 8.18344 4.89918 6.44502
threshold=0 26.500000000000004 51.500000000000007 1 2 45.500000000000007 3 144.44807557494252 51.500000000000007 3.5000000000000004 649.00000000000011 311.50000000000006 89.055707414781111 146.67794338251119 312.82235600211976 17.500000000000004 17.500000000000004 34.500000000000007 1225.5000000000002 1.0000000180025095e-35 28.500000000000004 208.79950156758079 573.50000000000011 712.00000000000011 875.37500000000011 82.945747670906101 101.50000000000001 98.181273212814347 147.50000000000003 4.660560973363487
decision_type=1 10 2 1 1 2 1 10 2 10 10 10 10 10 10 10 2 2 8 8 2 10 10 10 10 8 10 10 8 8
left_child=1 6 3 17 7 25 19 -3 15 -6 11 12 -11 -14 21 16 -8 18 22 -1 -16 -15 -2 -24 -25 26 -5 -28 29 -27
right_child=2 4 -4 5 9 -7 8 -9 -10 10 -12 -13 13 14 20 -17 -18 -19 -20 -21 -22 -23 23 24 -26 28 27 -29 -30 -31
leaf_value=-4.0926280905296721 10.252369528890771 -1.6893737982699037 -4.1460418952342524 -4.6202810672316401 -3.7958227730712113 5.0842210982732077 -3.797383111738001 1.4329635373724756 -3.7815686807181397 1.6693000953529649 2.1070261626929763 -3.5360603059194924 -2.0912284858506212 -0.19966875604976908 -2.4792672434373486 -3.6608616406908028 0.89424521416949432 14.35904536832855 11.656294024065701 -3.6325394459225793 0.37855682516466233 3.1136726097517879 -2.9951978072488346 -0.66821125560270511 7.368317624405555 0.57584355307481017 -0.64979766390190008 3.4560564272008367 -0.29376803412957458 7.2846298190767049
leaf_weight=21 26 110 43 20 58 76 64 113 26 27 55 89 49 33 31 49 44 76 60 196 21 20 20 25 34 86 32 56 500 20
leaf_count=21 26 110 43 20 58 76 64 113 26 27 55 89 49 33 31 49 44 76 60 196 21 20 20 25 34 86 32 56 500 20
internal_value=-0.00423077 -0.0155512 0.00645756 0.00838991 -0.00775578 0.00325 -0.02775 0.00150215 -0.0158031 -0.0128499 -0.0103077 -0.0137037 -0.00745856 -0.0116883 -0.00333333 -0.0124204 -0.00555556 0.0241036 0.019697 -0.0354626 -0.0173077 0.0103774 0.0119048 0.0056962 0.0161017 0.00140056 0.0111111 0.0170455 -0.000330033 0.00943396
internal_weight=2080 1006 1074 1031 606 790 400 223 183 383 325 270 181 154 105 157 108 241 165 217 52 53 105 79 59 714 108 88 606 106
internal_count=2080 1006 1074 1031 606 790 400 223 183 383 325 270 181 154 105 157 108 241 165 217 52 53 105 79 59 714 108 88 606 106
cat_boundaries=0 2 4 6 8
cat_threshold=3556262319 427 512 152068 3271573536 290 2166374786 32
is_linear=0
shrinkage=0.05


Tree=27
num_leaves=31
num_cat=4
split_feature=0 20 20 17 20 11 17 2 2 17 11 11 0 9 0 3 20 12 5 0 16 5 3 3 3 17 11 17 2 2
split_gain=101.018 33.2635 30.8426 21.3869 10.5602 9.87548 9.84665 11.5924 9.34427 9.31344 7.39556 11.1602 8.17835 8.05674 6.85605 6.41187 6.19353 5.81538 7.82222 5.63414 5.48571 5.47147 5.46817 7.73434 8.50941 5.73792 8.36407 6.1409 5.78571 5.28729
threshold=42.500000000000007 0 1 51.500000000000007 2 912.33333333333337 3.5000000000000004 196.50000000000003 24.500000000000004 37.500000000000007 297.45833333333337 249.12500000000003 135.50000000000003 247.4631902302485 5.5000000000000009 6.5000000000000009 3 96.361398732811821 279.62500000000006 622.50000000000011 2.4996856389546243 28.750000000000004 101.50000000000001 154.00000000000003 238.00000000000003 29.500000000000004 426.45833333333343 25.500000000000004 368.50000000000006 172.50000000000003
decision_type=10 1 1 2 1 8 2 8 8 2 10 8 10 10 10 8 1 10 10 10 10 10 10 10 10 2 10 2 10 8
left_child=2 5 -1 6 9 -2 -4 21 -6 16 11 13 -12 -10 -9 -13 29 -18 -19 -20 -11 -8 -14 -24 -25 27 28 -26 -27 -3
right_child=1 4 3 -5 8 -7 7 14 10 20 12 15 22 -15 -16 -17 17 18 19 -21 -22 -23 23 24 25 26 -28 -29 -30 -31
leaf_value=-3.4117762124786504 5.5332979595529821 2.6746270895476911 -3.6495874341289722 -3.6422840340275302 -5.0000393894445567 12.149366730787705 -2.423950394040876 2.3754062624219578 -1.2423120827381962 1.4398303686531237 -2.7743045370966755 -1.9273417089309532 -5.9832781126164454 3.9811477934925081 -4.0321863734237784 2.5963062908243275 -2.3267978626388102 0.83600630450072233 -1.8080484677118165 2.5048229228106309 9.7629368347095813 -2.1439183431415088 2.0648017661968399 -2.2577325063994564 -0.11063251166323483 -1.1597390783668076 -3.9761026612552444 10.972873051185696 4.0667432034454265 0.62935588104214024
leaf_weight=223 105 44 25 62 57 125 50 102 112 120 39 22 20 25 21 147 67 66 75 24 48 49 21 36 43 28 54 25 28 178
leaf_count=223 105 44 25 62 57 125 50 102 112 120 39 22 20 25 21 147 67 66 75 24 48 49 21 36 43 28 54 25 28 178
internal_value=-0.00325821 0.00334659 -0.0219925 -0.0105016 0.000116369 0.0204167 -0.00425101 -0.000900901 -0.00427286 0.00474684 -0.0025 0.00294118 -0.00816327 -0.00766423 0.00934959 0.0115385 0.00110132 -0.00454545 0.00030303 -0.00858586 0.014881 -0.0136364 -0.00490196 -0.00276596 -0.00560748 -0.0011236 -0.00818182 0.0102941 0.00535714 0.00689655
internal_weight=2041 1509 532 309 1279 230 247 222 657 622 600 306 294 137 123 169 454 232 165 99 168 99 255 235 214 178 110 68 56 222
internal_count=2041 1509 532 309 1279 230 247 222 657 622 600 306 294 137 123 169 454 232 165 99 168 99 255 235 214 178 110 68 56 222
cat_boundaries=0 2 4 6 8
cat_threshold=262656 148004 1092616578 40 3979500596 7424 1074922544 6400
is_linear=0
shrinkage=0.05


Tree=28
num_leaves=31
num_cat=4
split_feature=0 20 20 17 20 0 11 2 4 17 16 17 17 5 9 11 0 16 3 17 4 3 20 7 10 0 4 6 7 7
split_gain=100.251 36.9904 24.2038 18.8046 12.3773 10.9253 13.0868 10.7281 10.0884 7.92677 9.00677 9 7.42142 6.99541 6.60349 6.50121 8.66243 12.4121 7.78047 5.84382 5.80307 5.45117 5.43256 5.8201 6.07262 5.40731 5.23231 5.14898 6.3855 5.05701
threshold=77.500000000000014 0 1 51.500000000000007 2 77.500000000000014 122.75000000000001 217.50000000000003 1203.5000000000002 17.500000000000004 4.0019970044932611 41.500000000000007 32.500000000000007 290.75000000000006 318.03791788772327 443.04166666666669 381.50000000000006 2.0547302642587222 562.00000000000011 44.500000000000007 273.50000000000006 486.50000000000006 3 435.50000000000006 821.50000000000011 789.00000000000011 5.5000000000000009 218.36769783966716 726.00000000000011 193.50000000000003
decision_type=10 1 1 2 1 8 8 8 10 2 10 2 2 10 8 10 10 8 10 2 8 10 1 8 8 10 10 10 10 10
left_child=2 8 9 5 7 6 -4 12 13 -1 11 -11 14 -2 -3 16 17 -15 27 22 25 -22 23 -9 -25 -6 -12 28 -17 -8
right_child=1 4 3 -5 20 -7 29 19 -10 10 26 -13 -14 15 -16 18 -18 -19 -20 -21 21 -23 -24 24 -26 -27 -28 -29 -30 -31
leaf_value=-3.2278612725551934 -0.0074492290313585841 1.9329678314459529 3.8884610177449859 -3.4446412294544624 -1.578358592285209 0.7863735977081604 -3.4671080624225237 3.8296401278198147 13.973807970299516 5.340481828774692 -3.359680673626773 -3.3757552620186155 4.8298433910734673 4.9697461708047435 -1.8058084202071543 0.19142566895601193 5.8697361967052757 -6.6089999459897442 5.5039557624615361 4.277954862031109 -0.66041616059919195 2.0410949478882325 -1.0874201393467076 -1.8969556584667502 3.1243690620384656 -4.0866017206771685 -2.285287803990681 4.191790621668992 -4.1606812850211048 -1.9869559059861714
leaf_weight=86 116 70 29 65 222 69 113 29 43 20 57 25 57 33 29 29 96 22 170 26 139 30 153 38 48 35 31 56 20 135
leaf_count=86 116 70 29 65 222 69 113 29 43 20 57 25 57 33 29 29 96 22 170 26 139 30 153 38 48 35 31 56 20 135
internal_value=-0.00428025 0.00290897 -0.0209524 -0.0127078 -0.00361174 -0.0083815 -0.0128159 0.00217391 0.012521 -0.0342795 -0.0281955 -0.01 0.0128205 0.0108856 0.00454545 0.0138498 0.0221854 0.00636364 0.00927273 -0.00340136 -0.00963303 -0.00266272 -0.00559701 0.0028 -0.00348837 -0.0145914 -0.0375 -0.00142857 -0.0132653 -0.0165323
internal_weight=2091 1461 630 411 876 346 277 450 585 219 133 45 156 542 99 426 151 55 275 294 426 169 268 115 86 257 88 105 49 248
internal_count=2091 1461 630 411 876 346 277 450 585 219 133 45 156 542 99 426 151 55 275 294 426 169 268 115 86 257 88 105 49 248
cat_boundaries=0 2 4 6 8
cat_threshold=1627687441 153413 2164261250 40 2650886144 108688 33554432 106512
is_linear=0
shrinkage=0.05


Tree=29
num_leaves=31
num_cat=4
split_feature=20 17 20 15 0 20 12 11 6 0 14 6 6 17 1 11 0 3 17 0 12 3 6 0 6 3 20 7 0 0
split_gain=94.8836 41.3638 34.4631 24.905 10.0504 15.8897 11.3547 10.5007 9.43136 8.14128 8.03134 7.36706 7.23638 8.33838 7.5499 6.96701 6.6679 12.9869 6.48214 5.68395 5.49459 6.21247 5.35204 7.88504 6.64747 5.2452 5.04216 5.01098 4.9555 5.50059
threshold=0 51.500000000000007 1 0.81250000000000011 426.50000000000006 2 279.47447011915966 297.45833333333337 273.14648082411173 491.50000000000006 7.5000000000000009 519.67190934116604 373.15040013110041 20.500000000000004 789.00000000000011 135.70833333333334 347.50000000000006 394.50000000000006 33.500000000000007 308.50000000000006 306.84897846156986 542.50000000000011 7.0237290853110528 103.50000000000001 41.038588412717665 154.00000000000003 3 581.50000000000011 235.50000000000003 175.50000000000003
decision_type=1 2 1 10 10 1 8 8 8 10 8 10 10 2 10 10 10 10 2 10 10 8 10 8 10 8 1 8 10 10
left_child=3 2 8 10 5 16 -7 -6 20 18 -1 15 14 -14 27 -5 19 -18 -9 25 21 -2 23 -8 -24 -4 -27 -11 29 -28
right_child=1 -3 4 11 7 6 22 9 -10 12 -12 -13 13 -15 -16 -17 17 -19 -20 -21 -22 -23 24 -25 -26 26 28 -29 -30 -31
leaf_value=-3.1916966399454347 -0.31266268652941565 -3.2724091679817393 1.7200695083333244 -0.73300164772045029 3.9720646301800344 -0.23607644527435526 -3.685911153469374 4.9271966555418851 13.199047206884615 1.4225847084950232 -3.190008534905723 5.264831406875377 -3.1455393359863595 7.6474979156922247 -3.9783435335825277 -2.4874513574065702 0.62387518001610687 -4.6174158812683652 0.92214772631438258 1.4838527698374619 -2.5728411884136082 4.8473677961079211 2.3712071515915065 -1.7250460736201658 -3.1554785576438817 -0.73846274743108042 0.55920737570217516 -0.91051057376404931 -0.5948984105191869 4.1097034141157938
leaf_weight=209 31 67 71 52 60 262 46 32 139 35 34 21 20 85 21 64 58 20 24 30 26 41 22 38 163 117 87 114 41 45
leaf_count=209 31 67 71 52 60 262 46 32 139 35 34 21 20 85 21 64 58 20 24 30 26 41 22 38 163 117 87 114 41 45
internal_value=-0.0046988 0.000439883 0.00202703 -0.0269231 -0.00103498 -0.0037 -0.00951941 0.00575448 0.0192308 0.00226586 -0.0372428 -0.0105839 -0.00127273 0.00904762 -0.00764706 -0.0155172 0.00302714 -0.0102564 0.0196429 0.00575448 0.00816327 0.0152778 -0.0169145 -0.027381 -0.0121622 0.00401662 0.00103448 -0.00369128 0.00628415 0.0113636
internal_weight=2075 1695 1628 380 1391 1000 531 391 237 331 243 137 275 105 170 116 469 78 56 391 98 72 269 84 185 361 290 149 173 132
internal_count=2075 1695 1628 380 1391 1000 531 391 237 331 243 137 275 105 170 116 469 78 56 391 98 72 269 84 185 361 290 149 173 132
cat_boundaries=0 2 4 6 8
cat_threshold=24641922 32 2560 152064 268907628 43285 268443688 273
is_linear=0
shrinkage=0.05


Tree=30
num_leaves=31
num_cat=3
split_feature=1 20 20 17 20 17 16 11 8 11 11 17 17 17 16 8 17 5 17 4 2 8 1 11 11 1 2 11 7 4
split_gain=93.3139 36.2912 20.209 22.6648 15.8181 11.6774 14.4258 11.1309 11.4315 9.8543 7.41969 15.2156 8.02237 6.94192 7.48432 6.63485 7.46487 7.14925 5.74701 5.66184 5.60979 5.59887 5.43343 5.22161 7.8223 8.98341 5.13839 5.12966 5.25229 5.70472
threshold=52.500000000000007 0 1 51.500000000000007 2 17.500000000000004 4.0019970044932611 538.29166666666686 567.25000000000011 1085.8750000000002 389.87500000000006 34.500000000000007 38.500000000000007 31.500000000000004 1.4218700458286218 72.062500000000014 10.500000000000002 195.75000000000003 33.500000000000007 403.50000000000006 44.500000000000007 328.56250000000006 203.50000000000003 288.87500000000006 326.12500000000006 195.50000000000003 126.50000000000001 848.70833333333337 728.50000000000011 546.50000000000011
decision_type=10 1 1 2 1 2 10 8 10 10 10 2 2 2 8 10 2 10 2 10 10 10 10 10 10 10 10 8 10 10
left_child=2 9 5 15 22 -1 -7 8 10 13 11 23 19 14 -2 16 26 -17 -15 -12 -9 -13 -3 -6 25 -25 -4 28 -16 -30
right_child=1 4 3 -5 7 6 -8 20 -10 -11 12 21 -14 18 27 17 -18 -19 -20 -21 -22 -23 -24 24 -26 -27 -28 -29 29 -31
leaf_value=-3.0436949936770064 -1.0795231600123316 -0.84979225100314082 -2.8867563932085236 -3.1593754743569753 0.065111903058286208 -0.95549191181593029 -3.032111807948163 -3.2629398572897532 18.063714444790616 24.307938697756782 -0.29961720453424906 2.0854508907238967 -5.2770077788697751 13.650477322789357 2.7086207647660445 -3.4887135675181806 0.99090739479935841 -1.4357339996132368 5.4583019308511682 1.9510159710547996 -0.97980214142732225 4.7720550152131223 -3.4108209357076555 0.45498975841879175 0.70702689263890628 -4.2371610167867377 0.85931150333016437 4.8552791752534707 -2.4405574707787836 3.4576683599376281
leaf_weight=95 26 122 109 69 189 38 85 43 20 22 34 82 46 24 61 50 80 36 156 26 163 68 88 20 50 42 23 112 48 37
leaf_count=95 26 122 109 69 189 38 85 43 20 22 34 82 46 24 61 50 80 36 156 26 163 68 88 20 50 42 23 112 48 37
internal_value=-0.00523256 0.00145368 -0.0221368 -0.0136605 -0.00403789 -0.0342105 -0.0256098 -0.000693569 0.00285962 0.0125 0.00152603 0.00432373 -0.0103774 0.0112069 0.00633803 -0.00805369 -0.00330189 -0.0197674 0.0188889 0.00166667 -0.0106796 0.0173333 -0.0159091 -0.00215947 -0.0107143 -0.0225806 -0.0106061 0.00891473 0.00273973 -0.00529412
internal_weight=2064 1479 585 367 993 218 123 783 577 486 557 451 106 464 284 298 212 86 180 60 206 150 210 301 112 62 132 258 146 85
internal_count=2064 1479 585 367 993 218 123 783 577 486 557 451 106 464 284 298 212 86 180 60 206 150 210 301 112 62 132 258 146 85
cat_boundaries=0 2 4 6
cat_threshold=1359285776 152196 3238003074 32 16252962 2
is_linear=0
shrinkage=0.05


Tree=31
num_leaves=31
num_cat=4
split_feature=0 20 20 18 16 8 18 18 11 20 20 11 13 16 8 11 9 8 11 1 11 8 7 15 9 2 4 2 8 11
split_gain=80.4037 33.8358 26.2102 13.5694 18.0329 23.9021 12.1698 10.212 9.32997 8.76344 8.70184 10.0071 8.61055 9.93469 7.78119 7.69309 7.64545 7.59052 8.60519 6.59888 7.73787 6.76972 6.34813 13.4349 6.25 5.95865 5.92195 8.14609 7.09027 9.25669
threshold=77.500000000000014 0 1 4.5000000000000009 4.0019970044932611 407.75000000000006 10.500000000000002 9.5000000000000018 111.66666666666667 2 3 278.41666666666669 558.00000000000011 1.6032292901904703 743.68750000000011 622.41666666666686 302.22236819300116 662.75000000000011 372.37500000000006 1009.0000000000001 486.66666666666669 186.31250000000003 620.50000000000011 0.81250000000000011 255.04766617042335 1119.0000000000002 239.50000000000003 100.50000000000001 415.75000000000006 387.33333333333343
decision_type=10 1 1 2 10 8 2 2 8 1 1 8 8 8 8 8 10 10 10 10 10 10 8 10 10 10 10 10 10 8
left_child=2 7 3 -1 5 -5 10 14 -4 16 11 -3 -13 -14 15 24 -10 18 -8 20 21 -12 23 -11 -2 -16 27 -23 29 -28
right_child=1 6 8 4 -6 -7 17 -9 9 22 19 12 13 -15 25 -17 -18 -19 -20 -21 -22 26 -24 -25 -26 -27 28 -29 -30 -31
leaf_value=-2.897048176360268 0.074456512340252343 2.5748915277069133 1.0989621983549867 12.973886254980426 -2.8805062175507548 -3.0170433455806811 2.0388480851395161 12.266179749997827 -2.9730349795914854 2.5612952569209817 -2.2698717940288233 -2.8579664479422067 2.6962895569106622 -0.23142362104260741 6.4922821058184814 -2.8244239391583066 -0.075847686345081308 42.964657116165768 -2.1032444828290013 5.9966033218846064 -2.569112056122119 9.5914075757453219 -1.9158570536543893 -2.5210832945224619 11.206338134210519 17.552490087219336 -0.69474475973387373 0.052606108869068892 1.3319717370704538 -2.7901403416903552
leaf_weight=93 48 104 21 25 83 32 72 53 88 42 153 31 41 286 61 26 22 24 53 27 98 20 184 30 24 29 99 132 46 32
leaf_count=93 48 104 21 25 83 32 72 53 88 42 153 31 41 286 61 26 22 24 53 27 98 20 184 30 24 29 99 132 46 32
internal_value=-0.00459355 0.00181631 -0.0196774 -0.032716 -0.0242857 -0.00263158 -0.00162866 0.0185259 -0.0107053 -0.0128415 -0.00350795 0.00169492 -0.00223464 0.000152905 0.0138298 0.00408163 -0.0241667 0.011745 0.0068 -0.00737439 -0.00862069 -0.0060166 -0.00676692 0.00555556 0.0125 0.0244444 -0.00197568 0.00526316 -0.00819209 -0.0141221
internal_weight=2079 1459 620 233 140 57 1218 241 387 366 1069 462 358 327 188 98 110 149 125 607 580 482 256 72 72 90 329 152 177 131
internal_count=2079 1459 620 233 140 57 1218 241 387 366 1069 462 358 327 188 98 110 149 125 607 580 482 256 72 72 90 329 152 177 131
cat_boundaries=0 2 4 6 8
cat_threshold=1074004480 136704 3238003075 32 7356416 136 537129009 49244
is_linear=0
shrinkage=0.05


Tree=32
num_leaves=31
num_cat=4
split_feature=0 20 20 17 17 1 20 17 16 3 17 3 8 8 20 5 12 4 11 8 0 8 1 1 2 12 1 12 3 3
split_gain=92.6961 36.6434 30.9384 29.9125 14.9864 12.2242 10.9984 10.9195 18.3735 16.2976 9.98721 12.4939 9.79418 7.31942 7.29593 9.96338 7.77903 6.81279 6.81097 4.94761 6.67987 4.8284 6.44731 9.50025 4.60711 5.19297 4.37696 4.37159 6.06148 7.66614
threshold=77.500000000000014 0 1 51.500000000000007 43.500000000000007 353.50000000000006 2 17.500000000000004 4.0019970044932611 144.50000000000003 3.5000000000000004 62.500000000000007 77.125000000000014 1054.0000000000002 3 729.25000000000011 350.11028187285012 582.50000000000011 505.62500000000006 165.56250000000003 172.50000000000003 469.00000000000006 486.50000000000006 624.50000000000011 759.50000000000011 356.14955444587025 126.50000000000001 96.361398732811821 410.50000000000006 192.50000000000003
decision_type=10 1 1 2 2 10 1 2 10 8 2 10 8 8 1 10 10 8 10 8 10 10 8 10 10 10 10 8 8 10
left_child=2 5 7 6 14 18 12 -1 9 -9 -8 26 -4 -7 15 16 21 -13 19 -2 -21 22 -3 -24 25 27 -12 -16 29 -29
right_child=1 4 3 -5 -6 13 10 8 -10 -11 11 17 -14 -15 24 -17 -18 -19 -20 20 -22 -23 23 -25 -26 -27 -28 28 -30 -31
leaf_value=-2.7494268013586987 6.4343786754302741 -0.27008619028821956 0.44970032171886204 -3.0469781453937532 1.7189229861774038 3.8181208207790749 -3.4309319446951378 12.325191942231406 -2.7667578509540065 -2.8661911783016469 2.7885721578522435 -2.6080790498576008 -2.8729223100179277 14.694721097993103 -2.2121339630363295 -6.5005664681248776 4.4270627511350513 0.61253130893648522 -2.7889687024157412 -2.5302831972981696 0.64536117782374736 -2.0069160468287861 5.8341776667405076 -0.2601422022666981 5.1725350518878717 -4.3196118692283569 15.154146325046959 -1.1643856438043414 -1.8037910878027448 0.88674420805410969
leaf_weight=96 20 223 23 69 99 297 29 21 86 27 107 47 94 62 34 20 47 23 27 35 129 28 31 22 31 64 21 111 89 104
leaf_count=96 20 223 23 69 99 297 29 21 86 27 107 47 94 62 34 20 47 23 27 35 129 28 31 22 31 64 21 111 89 104
internal_value=-0.00430057 0.00261371 -0.02014 -0.0109929 -0.00366922 0.0124138 -0.00523256 -0.0345833 -0.0268657 -0.00208333 0.00147679 0.00555556 -0.0169291 0.0182451 -0.00597015 -0.000656168 0.00128205 -0.0114286 0.00308057 0.00652174 0.00365854 -0.00164474 0.000362319 0.0160377 -0.0102709 -0.0119403 0.0148438 -0.00946746 -0.00756579 -0.00302326
internal_weight=2116 1473 643 413 903 570 344 230 134 48 227 198 117 359 804 371 351 70 211 184 164 304 276 53 433 402 128 338 304 215
internal_count=2116 1473 643 413 903 570 344 230 134 48 227 198 117 359 804 371 351 70 211 184 164 304 276 53 433 402 128 338 304 215
cat_boundaries=0 2 4 6 8
cat_threshold=3271860752 185189 3238003074 32 6307841 136 279057505 67600
is_linear=0
shrinkage=0.05


Tree=33
num_leaves=31
num_cat=6
split_feature=20 17 15 20 6 12 20 17 13 6 11 20 17 17 4 17 20 20 8 2 17 2 12 17 11 2 11 4 2 14
split_gain=81.8141 40.3076 34.2119 19.5356 18.9201 11.2418 8.43306 9.59485 8.23823 7.82671 9.30013 7.53102 8.43043 10.9564 8.29804 6.79541 12.9631 9.97725 11.6019 10.6065 9.93488 8.50433 7.42878 7.35051 9.46932 6.10448 6.36364 6.05402 7.64893 7.51281
threshold=0 51.500000000000007 0.81250000000000011 1 474.14015824427281 249.13063721891706 2 17.500000000000004 952.00000000000011 122.10616903236459 493.62500000000006 3 37.500000000000007 31.500000000000004 62.500000000000007 25.500000000000004 4 5 233.37500000000003 145.50000000000003 19.500000000000004 462.50000000000006 285.6613002916111 41.500000000000007 605.83333333333337 620.50000000000011 779.66666666666686 1.0000000180025095e-35 433.50000000000006 1.5000000000000002
decision_type=1 2 10 1 10 8 1 2 10 8 8 1 2 2 8 2 1 1 8 8 2 8 10 2 10 10 10 8 8 8
left_child=2 3 6 5 8 -2 7 -1 11 10 -5 -4 13 14 -13 16 -11 23 -19 -20 21 22 -18 24 -17 -21 -27 -8 -29 -30
right_child=1 -3 4 9 -6 -7 27 -9 -10 15 -12 12 -14 -15 -16 17 20 18 19 25 -22 -23 -24 -25 -26 26 -28 28 29 -31
leaf_value=-2.6632192717605729 -0.5833793012062074 -2.9812351649809652 -1.2416334847448285 0.64409973865071635 7.5645909450301279 8.1570946213479605 2.2496848830289773 -2.6568838563307184 -2.6077339742496282 3.8346009277653152 -0.74378304871944467 2.181095549436836 2.7299186243085121 -4.4453431214404322 -0.58373978194320841 1.9466467249880539 1.3287428354147786 -7.232064614840394 4.4087089581771677 2.6491435499596321 -2.3871390819471401 -1.3621052633803359 -3.5479146288056427 -2.4855820710432455 -4.4902300684144754 -3.1181629928941592 7.6132629369260032 -2.7292761945170314 2.6836052802655193 -2.5788468115136673
leaf_weight=95 40 54 104 194 50 197 28 135 94 102 69 20 44 30 48 53 102 22 32 163 71 80 26 43 20 45 21 56 20 43
leaf_count=95 40 54 104 194 50 197 28 135 94 102 69 20 44 30 48 53 102 22 32 163 71 80 26 43 20 45 21 56 20 43
internal_value=-0.00597335 0.0015625 -0.0188546 0.00335937 -0.00871795 0.0159919 -0.0298408 -0.03625 -0.0129412 0.000332384 0.00779468 -0.00813008 0 -0.00816327 0.00294118 -0.00217949 -0.00695538 0.00238095 0.00733788 0.0105364 -0.0122837 -0.00721154 0.00078125 -0.00952381 -0.000684932 0.00676856 -0.00606061 -0.016242 -0.0222689 -0.0103175
internal_weight=2101 1334 767 1280 390 237 377 230 340 1043 263 246 142 98 68 780 381 399 283 261 279 208 128 116 73 229 66 147 119 63
internal_count=2101 1334 767 1280 390 237 377 230 340 1043 263 246 142 98 68 780 381 399 283 261 279 208 128 116 73 229 66 147 119 63
cat_boundaries=0 2 4 6 7 9 11
cat_threshold=3556262338 42 263680 147968 3238003074 32 280510464 32777 4369 200713 65793
is_linear=0
shrinkage=0.05


Tree=34
num_leaves=31
num_cat=0
split_feature=0 4 5 8 13 4 2 8 0 14 9 2 2 18 0 4 5 1 4 9 1 7 2 3 11 8 11 11 13 1
split_gain=80.6708 15.9425 14.5496 11.3339 8.4722 8.38616 10.073 11.4723 8.61865 7.48105 7.11808 6.69684 6.46472 9.62435 6.95859 6.30418 5.39254 6.56259 5.36649 6.41956 7.64426 7.22075 5.27409 5.24261 11.1117 11.3627 7.27548 12.3469 7 5.92285
threshold=77.500000000000014 124.50000000000001 11.625000000000002 1064.3125000000002 305.50000000000006 103.50000000000001 36.500000000000007 1725.3125000000002 628.00000000000011 7.5000000000000009 128.91348905435075 210.50000000000003 172.50000000000003 4.5000000000000009 2.5000000000000004 849.50000000000011 163.62500000000003 26.500000000000004 77.500000000000014 343.81570421749137 174.50000000000003 585.00000000000011 430.50000000000006 596.50000000000011 341.95833333333343 440.43750000000006 622.41666666666686 756.58333333333337 2242.5000000000005 60.500000000000007
decision_type=10 10 8 10 8 10 10 8 10 8 10 10 10 2 8 10 10 10 10 10 10 10 10 10 10 10 8 8 8 10
left_child=2 5 9 23 -4 6 8 10 16 -1 11 -8 14 22 -6 -5 17 -2 19 20 -12 -22 -14 26 -25 -26 29 -28 -29 -3
right_child=1 3 4 15 12 -7 7 -9 -10 -11 18 -13 13 -15 -16 -17 -18 -19 -20 -21 21 -23 -24 24 25 -27 27 28 -30 -31
leaf_value=-2.2985072674184939 0.31664355064161642 -1.4825788655247356 0.73615948392814878 3.7563050360678973 -2.7929482495106512 -3.9281504431305678 -0.50048624292118837 3.6284329227630225 -3.3129468342608366 -2.8534410828420893 2.195380770918979 -3.0287439538363565 2.2104139988345 -2.8126593530071733 -2.3996658983336943 18.559393793299918 4.163805312758794 -4.2899967397705296 7.9598472512455407 -1.8643762069479608 -1.9992791915577728 2.0015662452357605 -2.8327427846641458 11.748593403713731 -3.0733189544496939 2.53045971928392 -5.2144114927944942 6.409731937168309 -0.96696160591291402 0.50258673990272207
leaf_weight=109 35 24 28 27 60 35 31 43 37 53 30 22 31 60 264 20 22 41 35 77 29 36 27 32 20 167 28 20 50 563
leaf_count=109 35 24 28 27 60 35 31 43 37 53 30 22 31 60 264 20 22 41 35 77 29 36 27 32 20 167 28 20 50 563
internal_value=-0.00554475 0.00105337 -0.0204114 0.00478444 -0.0159574 -0.0064482 -0.00456621 0.00049505 -0.0159259 -0.0333333 -0.00346154 -0.0198113 -0.0176471 -0.00762712 -0.0212963 0.0287234 -0.00816327 -0.0144737 0.000724638 -0.00290698 0.00578947 -0.00384615 0.00689655 0.00353982 0.010274 0.00561497 0.00138686 -0.0112245 0 0.00349233
internal_weight=2056 1424 632 951 470 473 438 303 135 162 260 53 442 118 324 47 98 76 207 172 95 65 58 904 219 187 685 98 70 587
internal_count=2056 1424 632 951 470 473 438 303 135 162 260 53 442 118 324 47 98 76 207 172 95 65 58 904 219 187 685 98 70 587
is_linear=0
shrinkage=0.05


Tree=35
num_leaves=31
num_cat=3
split_feature=0 20 20 17 9 6 20 9 17 17 4 11 0 17 17 3 6 12 1 9 5 6 6 17 1 9 6 2 6 12
split_gain=76.9789 33.6662 32.0322 22.2074 9.95567 9.66578 8.57857 8.64247 7.87653 11.1021 7.25456 8.96104 8.66238 9.61009 8.2943 6.52451 8.43896 6.38067 9.79502 5.83768 6.78446 5.78896 6.05393 8.02074 5.73427 5.52671 7.26042 10.3242 5.78309 5.2244
threshold=42.500000000000007 0 1 52.500000000000007 1.0000000180025095e-35 335.34278614621456 2 343.81570421749137 25.500000000000004 21.500000000000004 135.50000000000003 370.37500000000006 960.50000000000011 41.500000000000007 15.500000000000002 74.500000000000014 101.5519087132281 350.11028187285012 720.50000000000011 104.35567594899143 243.50000000000003 215.2331066728261 145.51144968675229 34.500000000000007 132.50000000000003 17.843849325270856 41.038588412717665 132.50000000000003 307.31856749354046 304.52274344315185
decision_type=10 1 1 2 8 10 1 10 2 2 10 8 10 2 2 10 10 10 10 10 10 10 10 2 10 8 8 8 8 8
left_child=2 5 4 15 -1 6 8 19 9 29 -3 14 13 -13 -12 25 -17 18 -7 -8 -21 22 24 -24 -16 -4 -27 -28 -29 -2
right_child=1 10 3 -5 -6 17 7 -9 -10 -11 11 12 -14 -15 21 16 -18 -19 -20 20 -22 -23 23 -25 -26 26 27 28 -30 -31
leaf_value=-2.9213608651633929 4.1642466517881731 -1.2788882363158309 -2.2376146807009341 -2.7907763741089346 -2.3503734579380562 9.1694091277348662 -3.7990020409566121 -2.8496346467491622 3.1899425792037803 -3.4005480791045595 -3.9323484381559504 -0.39849185435030848 5.1500840887192343 -5.4019084516884792 -0.22635803211385339 1.0723960125531111 -5.2733195054476845 9.7739439151475835 -1.4561216424717658 4.7159933270026135 0.21670774524156969 3.3839362187965976 -1.4821655167174725 1.3918643186910005 2.2866200279133908 5.466038462114982 -2.3920270600402076 3.393524558047436 -0.35496445494211532 0.14046026790040572
leaf_weight=30 43 405 21 31 189 25 30 26 106 26 20 205 31 37 33 20 35 67 31 26 147 41 25 31 104 25 21 31 132 56
leaf_count=30 43 405 21 31 189 25 30 26 106 26 20 205 31 37 33 20 35 67 31 26 147 41 25 31 104 25 21 31 132 56
internal_value=-0.00453659 0.00122112 -0.0208411 -0.0095092 -0.0351528 0.0105396 0.0073913 0.000209205 0.0139004 0.006 -0.00467091 -0.00085389 -0.00714286 -0.0103306 0.00590551 -0.0054386 -0.0209091 0.0231707 0.0107143 0.00369458 0.00722543 0.00854701 0.00492228 -0.00892857 0.0105839 -0.00173913 0.000717703 -0.00271739 0.00153374 0.0136364
internal_weight=2050 1515 535 316 219 583 460 229 231 125 932 527 273 242 254 285 55 123 56 203 173 234 193 56 137 230 209 184 163 99
internal_count=2050 1515 535 316 219 583 460 229 231 125 932 527 273 242 254 285 55 123 56 203 173 234 193 56 137 230 209 184 163 99
cat_boundaries=0 2 4 6
cat_threshold=3842248224 260608 3224371586 32 264736 229888
is_linear=0
shrinkage=0.05


Tree=36
num_leaves=31
num_cat=0
split_feature=0 1 2 17 2 17 17 16 0 17 12 2 13 12 6 2 3 4 0 7 10 12 1 6 16 1 7 13 1 7
split_gain=88.867 17.4015 13.2295 12.8172 12.3702 10.8639 14.6516 16.6442 13.7546 10.4833 8.88781 7.53623 6.75144 7.04348 7.69072 6.54673 8.39127 6.03987 5.60763 6.57299 6.82242 6.15507 6.73341 5.92778 5.91803 7.35694 6.06061 5.6695 5.49418 5.05665
threshold=42.500000000000007 128.50000000000003 253.50000000000003 47.500000000000007 829.50000000000011 17.500000000000004 52.500000000000007 3.4056517379560729 12.500000000000002 51.500000000000007 1415.1620247096018 423.50000000000006 866.00000000000011 347.59985624796406 73.805624477487342 203.50000000000003 1119.0000000000002 12.500000000000002 837.50000000000011 715.50000000000011 475.50000000000006 93.604654114178885 217.50000000000003 462.80321627774521 1.8756347804946487 565.00000000000011 784.50000000000011 1259.5000000000002 48.500000000000007 367.00000000000006
decision_type=10 8 10 2 10 2 2 10 10 2 10 10 8 8 10 10 10 10 10 10 8 10 10 10 8 10 10 8 8 8
left_child=2 12 5 4 10 8 7 9 -1 28 15 -4 -2 -14 -15 -3 18 -9 19 20 21 -17 -23 24 -21 26 -26 -20 -7 -22
right_child=1 3 11 -5 -6 6 -8 17 -10 -11 -12 -13 13 14 -16 16 -18 -19 27 23 29 22 -24 -25 25 -27 -28 -29 -30 -31
leaf_value=-2.2463504614349072 -0.13877318699015292 0.58031680485629811 2.3563821881554587 16.479868497637778 6.3303045320992242 10.053881314149908 -2.5180246524317695 -2.1996708369770248 0.0076702133459491508 -2.1391105229404594 -2.79781269777137 -3.8021850650859657 -4.7292058980292913 -3.1785439948384062 -0.8256411510995435 -1.9524655310180508 5.2843258853577559 -1.1469369401455918 6.8052637230316453 -0.38257033792341988 0.66067030778630453 2.9382205250780729 -1.6301825991749768 6.8756602614769351 -2.1217472629801306 -4.7404557802907865 1.206943457712788 0.7602671257325142 -0.2557134207416919 0.13411069664341824
leaf_weight=152 125 348 30 26 178 21 35 68 21 42 24 39 24 28 110 28 36 33 22 53 24 20 43 27 25 40 30 47 88 278
leaf_count=152 125 348 30 26 178 21 35 68 21 42 24 39 24 28 110 28 36 33 22 53 24 20 43 27 25 40 30 47 88 278
internal_value=-0.00491525 0.00117188 -0.0225898 0.00372298 0.00298446 -0.0256522 -0.0196864 -0.0154762 -0.0355491 -0.00496689 0.000909091 -0.00217391 -0.00993031 -0.0166667 -0.0123188 0.00161606 -0.001263 -0.0311881 -0.00259027 -0.00422535 -0.000636132 -0.0126374 -0.00396825 -0.0122857 -0.0162162 -0.0236842 -0.0118182 0.0108696 0.00321101 0.00298013
internal_weight=2065 1536 529 1249 1223 460 287 252 173 151 1045 69 287 162 138 1021 673 101 637 568 393 91 63 175 148 95 55 69 109 302
internal_count=2065 1536 529 1249 1223 460 287 252 173 151 1045 69 287 162 138 1021 673 101 637 568 393 91 63 175 148 95 55 69 109 302
is_linear=0
shrinkage=0.05


Tree=37
num_leaves=31
num_cat=3
split_feature=20 17 20 1 17 3 12 17 16 20 3 3 4 2 17 12 11 7 12 14 3 1 1 13 9 1 3 11 1 5
split_gain=74.4457 31.6729 25.6741 24.128 8.19956 7.66822 7.53757 6.41325 6.50809 6.08106 6.77084 5.89235 5.14971 5.23293 4.84822 7.11111 4.44992 7.57611 6.60816 4.42394 4.31968 4.10501 8.04065 7.75641 9.64214 4.68242 4.13095 6.61376 4.4915 4.06
threshold=0 52.500000000000007 1 72.500000000000014 31.500000000000004 272.50000000000006 241.20839705035726 9.5000000000000018 3.1780456282562626 2 1782.0000000000002 62.500000000000007 966.50000000000011 55.000000000000007 45.500000000000007 218.20557855618463 647.08333333333337 1820.5000000000002 445.51976340148252 1.0000000180025095e-35 132.50000000000003 48.500000000000007 100.50000000000001 1805.0000000000002 474.39873361034046 545.50000000000011 138.50000000000003 249.12500000000003 320.50000000000006 415.37500000000006
decision_type=1 2 1 10 2 10 8 2 10 1 8 8 10 10 2 8 10 10 10 8 10 10 10 10 8 10 10 10 10 10
left_child=3 2 4 7 6 11 29 -1 19 10 12 -5 13 -4 16 -16 18 -18 -11 -9 -6 -15 -23 24 25 26 -24 -28 -29 -2
right_child=1 -3 9 5 20 -7 -8 8 -10 14 -12 -13 -14 21 15 -17 17 -19 -20 -21 -22 22 23 -25 -26 -27 27 28 -30 -31
leaf_value=-2.2519700633957109 0.083825118945659235 -2.5253363227818992 0.58782785473070409 -0.17614365474675681 11.262924898752152 11.87054862285142 6.5187130599174772 0.052235843618803561 -2.0486568771644973 -0.10601903129962978 -2.2331310425442843 -4.1671289620831899 -4.9678890187422544 -2.8918098646976285 4.348084616857756 0.20818610775679502 -4.4888136738941089 3.7692873788534484 14.694009727247925 -2.2455799326094179 8.968731492785242 1.0269020024493478 1.9538598972254648 -3.7474177733865597 7.9278190749215645 -1.9917850896103688 -2.6705038891092858 -0.26957163925254973 0.97648072750163806 -1.3641870434520058
leaf_weight=63 22 33 98 39 20 31 104 22 126 718 74 38 23 34 27 81 56 23 24 59 79 34 43 32 24 33 24 47 37 21
leaf_count=63 22 33 98 39 20 31 104 22 126 718 74 38 23 34 27 81 56 23 24 59 79 34 43 32 24 33 24 47 37 21
internal_value=-0.00600766 -0.0014817 -0.000536353 -0.0257732 0.0140625 -0.00648148 0.00714286 -0.0344444 -0.0301932 -0.00312067 -0.00750487 -0.0149351 -0.00524476 -0.00394089 -0.000692226 0.00925926 -0.00200974 -0.0132911 -0.000808625 -0.0191358 0.0257576 -0.00714286 -0.00510949 -0.00833333 -0.00480769 -0.00869565 -0.00496689 -0.0101852 -0.00357143 -0.0104651
internal_weight=2089 1711 1678 378 246 108 147 270 207 1432 503 77 429 406 929 108 821 79 742 81 99 308 274 240 208 184 151 108 84 43
internal_count=2089 1711 1678 378 246 108 147 270 207 1432 503 77 429 406 929 108 821 79 742 81 99 308 274 240 208 184 151 108 84 43
cat_boundaries=0 2 4 6
cat_threshold=3243245954 32 1536 180736 816340992 457
is_linear=0
shrinkage=0.05


Tree=38
num_leaves=31
num_cat=0
split_feature=0 5 2 17 17 16 17 1 5 2 12 2 8 13 2 8 13 4 16 5 5 1 17 13 12 10 0 10 2 2
split_gain=69.7402 16.8757 15.0429 11.9242 19.062 16.9137 9.69504 9.16713 9.14864 7.87062 8.63684 13.9265 6.62722 6.50134 6.31006 8.46633 9.16051 8.40071 8.11425 7.29117 6.95361 7.00324 6.24791 6.11904 6.10981 9.01237 7.39305 5.91635 5.6934 7.27631
threshold=24.500000000000004 615.12500000000011 199.50000000000003 52.500000000000007 17.500000000000004 4.0019970044932611 18.500000000000004 132.50000000000003 43.875000000000007 720.50000000000011 571.12946654276391 620.50000000000011 917.93750000000011 2039.0000000000002 98.500000000000014 263.31250000000006 912.00000000000011 239.50000000000003 2.0220249434006763 264.12500000000006 284.37500000000006 249.50000000000003 43.500000000000007 870.00000000000011 133.55055643714917 587.00000000000011 147.50000000000003 493.50000000000006 196.50000000000003 262.50000000000006
decision_type=10 10 10 2 2 10 2 8 8 10 8 10 10 10 8 8 10 8 10 8 10 10 2 10 8 8 10 8 10 10
left_child=2 7 3 4 -1 8 -4 23 -6 10 11 -3 -12 14 18 17 19 -16 -9 -17 21 -21 -11 24 -2 -26 -27 -22 -29 -30
right_child=1 9 6 -5 5 -7 -8 13 -10 22 12 -13 -14 -15 15 16 -18 -19 -20 20 27 -23 -24 -25 25 26 -28 28 29 -31
leaf_value=-2.0639829122285596 -1.9155729020118775 6.9476066851649882 3.1113301723022744 -2.3831438042114499 14.966535478929666 -1.930982107424509 -3.5077666744963221 -0.70064772493493599 -0.82174083425998745 4.3658758495854277 -5.3318362951513514 -5.521917172804212 3.8012783567880377 -2.2987787086918945 -0.22249631855536336 2.5727555914201248 -0.79349117748977427 -2.4027681311781208 5.1936542397062659 0.20126230534344247 2.3536670017437245 -3.2749197741465426 37.574357681687871 -3.2413222104591761 1.810745130309924 0.84960461177806801 -2.4676420184451318 3.3163892243781792 -2.3786763800661719 0.59886101751271781
leaf_weight=173 65 79 37 43 21 69 28 41 149 137 33 21 21 25 105 48 160 71 65 52 44 38 35 86 44 39 72 33 46 226
leaf_count=173 65 79 37 43 21 69 28 41 149 137 33 21 21 25 105 48 160 71 65 52 44 38 35 86 44 39 72 33 46 226
internal_value=-0.00584046 -0.000630517 -0.0217308 -0.0249451 -0.0223301 -0.0131799 0.000769231 -0.00325397 -0.00470588 0.0095092 0.0012987 0.01 -0.0148148 -0.000838574 -0.000161464 -0.00164034 0.00100464 -0.0113636 0.0113208 0.00441478 0.0023918 -0.01 0.0168605 -0.0107843 -0.00636364 -0.000967742 -0.00855856 0.00558739 0.00311475 0.000735294
internal_weight=2106 1586 520 455 412 239 65 1260 170 326 154 100 54 954 929 823 647 176 106 487 439 90 172 306 220 155 111 349 305 272
internal_count=2106 1586 520 455 412 239 65 1260 170 326 154 100 54 954 929 823 647 176 106 487 439 90 172 306 220 155 111 349 305 272
is_linear=0
shrinkage=0.05


Tree=39
num_leaves=31
num_cat=3
split_feature=20 20 0 3 17 15 3 17 6 5 11 2 17 0 12 12 20 4 17 4 11 17 11 5 7 4 4 4 13 11
split_gain=77.944 35.1969 26.48 12.295 10.1314 8.04652 9.37295 7.98337 6.87826 9.87947 9.03171 6.72897 5.61436 6.7855 6.84674 7.16211 6.44949 12.1787 8.03548 9.28064 7.34041 9.27466 6.60283 7.55768 7.82779 6.71038 8.28136 7.52937 8.93839 5.68382
threshold=0 1 26.500000000000004 511.50000000000006 52.500000000000007 0.81250000000000011 74.500000000000014 50.500000000000007 393.95346320048981 483.87500000000006 314.37500000000006 338.50000000000006 43.500000000000007 829.50000000000011 204.6339997473319 155.30540528816871 2 396.50000000000006 41.500000000000007 139.50000000000003 275.95833333333343 23.500000000000004 174.70833333333334 192.87500000000003 420.50000000000006 74.500000000000014 242.50000000000003 552.50000000000011 893.50000000000011 478.20833333333337
decision_type=1 1 10 8 2 10 10 2 10 10 10 10 2 10 10 10 1 10 2 10 10 2 8 8 8 8 8 8 8 8
left_child=5 3 4 8 -3 -1 -7 -5 9 10 11 -2 16 14 15 -14 22 18 19 20 -18 -22 -4 -24 -25 -26 -27 28 -28 -29
right_child=1 2 12 7 -6 6 -8 -9 -10 -11 -12 -13 13 -15 -16 -17 17 -19 -20 -21 21 -23 23 24 25 26 27 29 -30 -31
leaf_value=-1.9238892939628518 0.050658242407604352 -1.9273372971886678 2.2455929252360178 5.7801324526836089 -2.2719494652165544 0.39764974522612206 -2.7530605239798973 -1.9530618190007871 5.6683956277332275 -3.3518400697102209 3.6372481963272265 -1.5026215978974449 -0.15390499801513471 15.816318271708987 -2.330230999738494 3.5562306987315466 -0.14917854314475534 -1.1500254481995718 -4.6306575964778807 0.83707050279288142 -5.5558790121916655 -0.88228762208271694 -2.1984796299030207 2.7898492349129071 -2.6193717985871636 2.5023888436357442 -4.8500837199270457 8.5533225180865884 0.6552989773877983 0.054990894360527426
leaf_weight=184 98 253 23 232 24 24 38 28 20 33 45 25 24 20 54 29 168 124 25 196 25 34 35 36 34 54 37 21 53 72
leaf_count=184 98 253 23 232 24 24 38 28 20 33 45 25 24 20 54 29 168 124 25 196 25 34 35 36 34 54 37 21 53 72
internal_value=-0.00464217 -0.000982533 -0.00514434 0.0104888 -0.0189531 -0.0304688 -0.016129 0.0180769 0.0020362 -0.000746269 0.00416667 -0.00284553 -0.00159774 0.00826772 0.00327103 0.0160377 -0.0029349 -0.00618557 -0.00245536 -0.000827423 -0.00770925 -0.0228814 0.00226667 0.000584795 0.00309446 0.000184502 0.00316456 -0.00191257 -0.0122222 0.00806452
internal_weight=2068 1822 1341 481 277 246 62 260 221 201 168 123 1064 127 107 53 937 572 448 423 227 59 365 342 307 271 237 183 90 93
internal_count=2068 1822 1341 481 277 246 62 260 221 201 168 123 1064 127 107 53 937 572 448 423 227 59 365 342 307 271 237 183 90 93
cat_boundaries=0 2 4 6
cat_threshold=5243266 32 134484560 153090 3223503872 98588
is_linear=0
shrinkage=0.05


Tree=40
num_leaves=31
num_cat=0
split_feature=2 1 17 8 0 8 3 1 1 6 12 15 15 6 1 4 7 6 0 4 12 0 17 1 4 0 6 6 11 0
split_gain=52.4556 17.5752 25.112 14.6912 13.9094 11.6757 8.56296 7.79601 6.81154 6.66667 6.38847 6.36927 5.50865 5.3919 10.0251 5.26753 5.18312 5.28434 4.97873 7.01671 4.24204 4.66667 4.14794 4.04645 5.53092 6.15228 5.04338 3.93417 6.90001 10.0715
threshold=24.500000000000004 10.500000000000002 51.500000000000007 853.37500000000011 145.50000000000003 1.0000000180025095e-35 816.50000000000011 41.500000000000007 323.50000000000006 318.34382409266533 714.54540641168944 0.93750000000000011 0.68750000000000011 275.77307595747783 486.50000000000006 154.00000000000003 28.500000000000004 171.42668747522777 270.50000000000006 194.50000000000003 385.36978116911951 479.50000000000006 52.500000000000007 1125.5000000000002 1225.5000000000002 240.50000000000003 76.725673303179192 122.10616903236459 331.58333333333343 414.50000000000006
decision_type=10 8 2 8 8 8 10 10 10 10 10 10 10 10 10 10 10 10 10 10 10 10 2 10 8 10 10 10 8 10
left_child=1 5 4 7 12 -1 23 11 -6 -8 13 -2 -3 20 -15 -12 -7 -18 19 -16 27 -22 -4 24 -5 26 -26 -9 29 -29
right_child=3 2 22 6 8 16 9 10 -10 -11 15 -13 -14 14 18 -17 17 -19 -20 -21 21 -23 -24 -25 25 -27 -28 28 -30 -31
leaf_value=-0.87697611157071131 -2.7310451017002819 -2.2730050990557258 -1.8915475507453963 -2.3731917623687049 1.2319225400398359 -1.7114175692650555 5.8677548713254239 0.046837784427899015 -2.4437324067569524 13.426668592108696 -3.7285476889436588 -1.4304872574473764 -0.28192813766258634 3.7474143966903313 -2.8824243687842896 -0.23398748234188319 -1.2950926110514374 -4.8447110071988408 -2.4259879933457968 3.1428270347858871 -0.17426671075334144 -2.8221892558269306 -2.1231221283579997 6.5831157227896826 -1.6394082206339524 4.4382370367212252 0.81458330834640269 -1.8715080462212659 -0.11119203801993649 0.32073020574383548
leaf_weight=31 40 63 38 45 156 126 36 345 34 54 20 29 30 152 20 22 21 37 86 27 21 21 36 25 24 37 49 140 280 52
leaf_count=31 40 63 38 45 156 126 36 345 34 54 20 29 30 152 20 22 21 37 86 27 21 21 36 25 24 37 49 140 280 52
internal_value=-0.00579399 -0.0187063 -0.0119048 -0.00095082 -0.00512367 -0.03 0.00962963 -0.00322709 0.00263158 0.0222222 -0.00227656 -0.0195652 -0.0209677 -0.00157343 0.00438596 -0.0214286 -0.0347826 -0.0224138 -0.0056391 0.00744681 -0.00355064 -0.0190476 -0.0378378 0.00333333 0.000322581 0.00636364 -0.00205479 -0.00275398 -0.00572034 -0.0130208
internal_weight=2097 572 357 1525 283 215 270 1255 190 90 1186 69 93 1144 285 42 184 58 133 47 859 42 74 180 155 110 73 817 472 192
internal_count=2097 572 357 1525 283 215 270 1255 190 90 1186 69 93 1144 285 42 184 58 133 47 859 42 74 180 155 110 73 817 472 192
is_linear=0
shrinkage=0.05


Tree=41
num_leaves=31
num_cat=2
split_feature=2 20 20 17 17 17 6 16 0 10 16 16 2 6 3 4 3 16 3 16 3 0 0 16 4 17 12 16 2 3
split_gain=75.4101 27.2053 26.1587 23.6375 13.0164 10.111 9.61415 9.00526 7.98454 7.93072 11.7397 7.28747 6.43425 6.88527 16.0965 7.45814 9.82726 6.55283 6.22933 6.72177 7.04343 7.04037 6.13456 7.39495 7.80825 8.3954 6.74475 5.88371 5.67468 6.69321
threshold=67.500000000000014 0 1 51.500000000000007 17.500000000000004 9.5000000000000018 462.80321627774521 3.1061584627019823 1.5000000000000002 164.00000000000003 4.3129849748133591 1.9645484978669203 1071.5000000000002 137.54846776394564 270.50000000000006 346.50000000000006 375.50000000000006 1.8549044818475229 400.50000000000006 2.2424303016517277 192.50000000000003 423.50000000000006 77.500000000000014 2.3491224496441263 135.50000000000003 14.500000000000002 522.90836649969174 2.138662333339536 343.50000000000006 918.00000000000011
decision_type=10 1 1 2 2 2 8 8 10 8 10 10 10 10 10 8 8 8 10 10 10 10 10 8 8 2 8 10 10 10
left_child=1 4 6 5 -1 8 11 -7 -3 10 -6 12 13 15 -15 -2 -17 -16 19 20 -13 -21 -4 24 25 -24 -26 -20 -8 -30
right_child=2 3 22 -5 9 7 28 -9 -10 -11 -12 18 -14 14 17 16 -18 -19 27 21 -22 -23 23 -25 26 -27 -28 -29 29 -31
leaf_value=-1.770769048491375 3.6774619844657823 -2.1827228509262886 -1.7700982327270354 -2.0135564225609897 11.692013559145058 -2.310182141240162 8.5176412782370203 0.61886614180954214 -2.0404419335559942 -2.1926723153826027 -1.2619775560704665 -1.6257973721628816 17.161931863407865 3.9241673399216794 -0.30153879980779269 -1.841843454071129 5.8339426115335646 -2.1647853702436719 0.0022581786669462647 1.5300525832917771 0.58179169642669426 -0.34801973909605127 0.34759598613718767 0.15166027952574482 -0.12796381875238155 -2.6762334240845562 -2.7950958666023 -4.7238566916425038 1.6662832872363085 13.679119150627949
leaf_weight=86 75 32 125 68 20 46 30 143 134 81 36 22 25 68 149 22 31 27 27 60 35 23 20 244 252 53 30 34 65 20
leaf_count=86 75 32 125 68 20 46 30 143 134 81 36 22 25 68 149 22 31 27 27 60 35 23 20 244 252 53 30 34 65 20
internal_value=-0.00516083 -0.0193498 0.00121781 -0.01097 -0.0332618 -0.00605634 0.00795297 0.00185185 -0.0150602 -0.0251825 -0.0107143 0.00551839 0.00944584 0.0077957 0.00286885 0.0171875 0.00283019 -0.00511364 -0.00223881 0.00357143 -0.00964912 0.0126506 -0.00544959 -0.00342237 -0.00802817 -0.0226027 -0.00425532 -0.0155738 0.0213043 0.0147059
internal_weight=2083 646 1437 423 223 355 713 189 166 137 56 598 397 372 244 128 53 176 201 140 57 83 724 599 355 73 282 61 115 85
internal_count=2083 646 1437 423 223 355 713 189 166 137 56 598 397 372 244 128 53 176 201 140 57 83 724 599 355 73 282 61 115 85
cat_boundaries=0 2 4
cat_threshold=3238003074 32 1176978968 249364
is_linear=0
shrinkage=0.05


Tree=42
num_leaves=31
num_cat=0
split_feature=0 2 17 17 17 8 11 17 2 2 9 4 14 1 3 12 11 2 0 7 11 17 17 12 17 2 17 7 9 4
split_gain=77.9567 13.4556 20.7303 11.4017 10.1505 9.88661 8.70118 8.64889 8.2038 10.9152 7.59216 6.5394 6.2964 6.28598 7.99429 7.48538 5.40192 5.15571 5.19859 5.02846 8.94557 6.62338 6.02304 7.19572 7.64121 6.35537 6.6162 7.45778 6.45861 4.89636
threshold=42.500000000000007 71.500000000000014 52.500000000000007 45.500000000000007 3.5000000000000004 429.06250000000006 478.20833333333337 51.500000000000007 1026.5000000000002 1152.5000000000002 245.4251616575132 546.50000000000011 7.5000000000000009 1820.5000000000002 103.50000000000001 648.21992831270029 38.375000000000007 60.500000000000007 622.50000000000011 1590.5000000000002 1045.7083333333335 35.500000000000007 41.500000000000007 301.85989119305935 43.500000000000007 24.500000000000004 39.500000000000007 269.50000000000006 202.9756558145443 135.50000000000003
decision_type=10 8 2 2 2 10 10 2 10 10 10 10 8 8 10 10 8 8 10 10 10 2 2 10 2 10 2 10 10 10
left_child=1 12 4 8 -3 7 10 -6 13 -10 -5 -11 29 14 15 17 -14 -2 -19 20 22 -21 25 24 -24 -16 27 -27 -28 -1
right_child=3 2 -4 6 5 -7 -8 -9 9 11 -12 -13 16 -15 19 -17 -18 18 -20 21 -22 -23 23 -25 -26 26 28 -29 -30 -31
leaf_value=-1.5748073650836745 0.28412011002566262 -2.0874929924708647 -1.9108280558549198 2.1987117782263512 0.15228086208911407 -3.0558900338979225 15.905609177307785 -1.6482745250863045 12.768118903336566 -3.1077050685868244 -3.4187047356524363 7.3951169892685247 4.2586079282090594 4.2076744560114552 -2.1383236309477498 -3.687488114972171 -2.0109201634491893 -2.0926787306823402 0.30311087861921565 -0.10862775443998487 -3.0775629150479986 7.6549938769276427 -4.0167614279935888 -4.4034354143502616 0.91736668299029134 1.5867073832799954 0.042019958928514713 -0.10573925120395344 5.7543389172653043 -2.2456138656885485
leaf_weight=165 67 27 37 48 166 20 32 39 24 37 20 42 20 51 49 20 32 172 32 34 20 21 31 20 37 72 27 658 24 34
leaf_count=165 67 27 37 48 166 20 32 39 24 37 20 42 20 51 49 20 32 172 32 34 20 21 31 20 37 72 27 658 24 34
internal_value=-0.00606352 -0.0224074 -0.0150519 -0.000325098 -0.00992063 -0.00644444 0.016 -0.00317073 -0.00146036 0.0121359 0.00588235 0.00316456 -0.0308765 -0.00250936 -0.00319315 -0.0104811 -0.0153846 -0.00830258 -0.0122549 -0.0010574 -0.00191898 0.0136364 -0.00119826 -0.0136364 -0.00588235 0.000120482 0.00121639 0 0.0186275 -0.0349246
internal_weight=2078 540 289 1538 252 225 100 205 1438 103 68 79 251 1335 1284 291 52 271 204 993 938 55 918 88 68 830 781 730 51 199
internal_count=2078 540 289 1538 252 225 100 205 1438 103 68 79 251 1335 1284 291 52 271 204 993 938 55 918 88 68 830 781 730 51 199
is_linear=0
shrinkage=0.05


Tree=43
num_leaves=31
num_cat=0
split_feature=0 17 14 4 5 3 1 17 17 1 6 5 13 9 17 17 0 17 17 17 17 4 8 4 12 8 7 3 4 0
split_gain=56.83 14.7645 17.2543 16.5135 12.0848 11.0837 8.88714 8.19385 11.5054 7.87906 6.32217 5.45609 6.36771 7.04348 5.30801 11.3345 6.02338 7.98244 6.56552 13.5886 7.94118 5.91328 10.8404 5.82165 7.09158 5.72024 5.1044 5.38353 6.40588 4.88931
threshold=12.500000000000002 52.500000000000007 7.5000000000000009 134.50000000000003 1156.3750000000002 10902.500000000002 128.50000000000003 17.500000000000004 51.500000000000007 122.50000000000001 28.123889671187086 195.75000000000003 870.00000000000011 390.66392788904471 22.500000000000004 21.500000000000004 849.50000000000011 31.500000000000004 26.500000000000004 25.500000000000004 24.500000000000004 542.50000000000011 743.68750000000011 1225.5000000000002 338.38261831763208 680.12500000000011 251.00000000000003 551.50000000000011 582.50000000000011 430.50000000000006
decision_type=10 2 8 10 10 8 8 2 2 10 10 10 10 10 2 2 10 2 2 2 2 10 10 10 10 10 8 8 10 10
left_child=1 2 3 5 6 -1 9 -4 -9 11 -7 -2 -13 -14 15 26 18 -18 19 20 -16 22 29 24 -23 -19 -8 -28 -29 -20
right_child=4 -3 7 -5 -6 10 14 8 -10 -11 -12 12 13 -15 16 -17 17 25 21 -21 -22 23 -24 -25 -26 -27 27 28 -30 -31
leaf_value=-1.4642936748685744 -1.4651381635994896 -1.8362089782640081 -2.179582311159304 0.40922452887127819 6.0453767749791734 -1.3833659630904478 0.44397086291118026 2.3823159163595373 -1.3481750650922302 -2.9168927434128862 0.14839445534064169 0.58245603657303069 -4.6546822696219996 2.8973545573233483 0.41701729569016666 -3.2242141847860242 -0.12048889645022315 4.1271124246214033 0.04552884460504885 11.408157863814846 -2.6268310551582434 -0.62217444544883738 -7.6483513266375418 4.8925047592568056 -4.2224285550271672 18.806095546864029 -0.52445593632933762 -0.26709008855093685 3.923982200281813 2.161373449198146
leaf_weight=145 194 39 52 37 62 27 24 87 44 23 31 76 23 23 48 30 31 24 262 28 20 91 22 20 21 32 269 136 34 125
leaf_count=145 194 39 52 37 62 27 24 87 44 23 31 76 23 23 48 30 31 24 262 28 20 91 22 20 21 32 269 136 34 125
internal_value=-0.00509615 -0.0205628 -0.0178487 -0.0266667 -0.000679852 -0.032266 -0.00154242 -0.00628415 0.000381679 -0.00870206 -0.0137931 -0.00664557 0.00163934 -0.0130435 0.000451931 -0.0035497 0.0031768 0.0155172 0.00149137 0.0135417 0.00147059 -0.00064695 0.00232274 -0.00984848 -0.0142857 0.0267857 -0.00161987 -0.00284738 0.00411765 0.00426357
internal_weight=2080 462 423 240 1618 203 1556 183 131 339 58 316 122 46 1217 493 724 87 637 96 68 541 409 132 112 56 463 439 170 387
internal_count=2080 462 423 240 1618 203 1556 183 131 339 58 316 122 46 1217 493 724 87 637 96 68 541 409 132 112 56 463 439 170 387
is_linear=0
shrinkage=0.05


Tree=44
num_leaves=31
num_cat=3
split_feature=20 17 15 20 17 0 9 1 15 20 1 6 12 11 0 16 17 16 16 10 9 8 9 6 6 10 6 11 16 8
split_gain=67.3884 30.8234 24.6361 14.7977 12.4424 9.06165 6.80495 6.41014 6.46041 6.38621 6.66926 8.26065 8.59524 6.20801 6.08444 5.79487 5.16492 5.99529 5.07679 6.14696 6.02562 5.34815 4.98207 7.34783 4.43064 4.41076 6.48 4.40398 8.00172 4.82969
threshold=0 52.500000000000007 0.81250000000000011 1 31.500000000000004 632.00000000000011 56.546897223896664 134.50000000000003 0.18750000000000003 2 132.50000000000003 203.95176966012485 118.16762250994469 639.83333333333337 545.50000000000011 2.5549042018880312 21.500000000000004 1.4911826355591358 2.0486458258684346 792.50000000000011 92.811582905808862 263.31250000000006 452.02046812070085 296.32598388590316 376.27404164090495 1727.5000000000002 824.12129175746372 292.83333333333343 4.545289148797921 248.43750000000003
decision_type=1 2 10 1 2 10 10 10 8 1 8 8 10 10 10 10 2 10 10 10 8 10 10 10 8 10 10 8 8 10
left_child=2 3 7 4 15 6 -4 8 -1 13 11 12 -11 27 -13 16 17 -2 20 21 -12 -20 23 -21 -6 -24 -27 28 29 -5
right_child=1 -3 5 9 24 -7 -8 -9 -10 10 18 14 -14 -15 -16 -17 -18 -19 19 22 -22 -23 25 -25 -26 26 -28 -29 -30 -31
leaf_value=-1.303064306715076 0.17885483343520578 -1.7998144266391769 0.80919353386233972 -1.3928813837651575 4.2543243595133111 12.361149939086252 -1.7070617922944367 -1.4650463811877905 -1.5548749894324523 -0.36303990407357323 2.6829657165201568 3.0584737998967473 -4.1793910342134302 -3.3161320979074205 -1.6862253924173858 -1.5773485996761865 -0.81780478898662068 6.5545453669573792 0.57434233139892044 2.4755190092954438 -0.31976088766681987 3.1224494542319405 5.3107606765503022 -1.8211588986047902 28.148525473200394 -1.9472453356909343 13.465445793078278 -0.54504005283700818 14.571909678760518 1.6563815368825345
leaf_weight=32 47 31 20 85 55 26 153 36 236 32 26 25 24 25 20 21 42 32 30 46 345 24 35 46 38 25 25 393 21 73
leaf_count=32 47 31 20 85 55 26 153 36 236 32 26 25 24 25 20 21 42 32 30 46 345 24 35 46 38 25 25 393 21 73
internal_value=-0.00582407 -0.000634518 -0.02154 0.000358306 0.0116327 -0.00829146 -0.0124277 -0.0309211 -0.0335821 -0.00175573 0.00147265 -0.010396 -0.0232143 -0.00551895 0.00555556 0.0028169 0.00702479 0.014557 0.00348837 0.00930736 -0.000134771 0.0240741 0.00480226 -0.00326087 0.0263441 0.0135294 0.004 -0.00454545 0.00195531 -0.00189873
internal_weight=2069 1566 503 1535 235 199 173 304 268 1300 703 101 56 597 45 142 121 79 602 231 371 54 177 92 93 85 50 572 179 158
internal_count=2069 1566 503 1535 235 199 173 304 268 1300 703 101 56 597 45 142 121 79 602 231 371 54 177 92 93 85 50 572 179 158
cat_boundaries=0 2 4 6
cat_threshold=2437988738 40 8704 148992 1621164137 43202
is_linear=0
shrinkage=0.05


Tree=45
num_leaves=31
num_cat=4
split_feature=20 20 15 5 4 20 18 7 8 16 8 1 5 8 4 1 16 16 7 16 20 2 6 10 1 18 18 3 16 13
split_gain=64.5522 25.2567 20.1899 17.0328 8.48751 7.9533 10.6825 6.22222 6.66278 5.77688 5.69586 5.73806 5.23175 6.63475 5.19706 4.75519 4.70732 6.72918 4.66208 4.56053 4.53298 9.13047 7.86621 7.8161 7.84783 7.28139 6.49346 6.03546 5.25862 4.9648
threshold=0 1 0.93750000000000011 11.625000000000002 1203.5000000000002 2 5.5000000000000009 1461.0000000000002 221.43750000000003 3.953469480563538 344.87500000000006 147.50000000000003 88.875000000000014 179.06250000000003 154.00000000000003 36.500000000000007 1.9050454857864925 1.8247640300744077 361.00000000000006 3.5957403815066287 3 587.50000000000011 188.11067099746575 1007.5000000000001 590.00000000000011 9.5000000000000018 4.5000000000000009 449.50000000000006 1.786881249134703 713.50000000000011
decision_type=1 1 10 10 10 1 2 10 10 10 8 10 10 8 8 8 8 10 10 8 1 10 10 10 10 2 2 10 8 8
left_child=2 4 -1 9 15 12 10 8 -8 14 11 -7 -5 -14 -3 -2 17 -15 -10 -12 22 23 -17 24 29 26 -24 -28 -23 -22
right_child=1 3 -4 5 -6 6 7 -9 18 -11 19 -13 13 16 -16 20 -18 -19 -20 -21 21 28 25 -25 -26 -27 27 -29 -30 -31
leaf_value=-1.4474458902699716 3.1289656350108714 0.55284783785832425 -0.30450530162617256 0.23539620324990518 5.6544719784890169 1.9109690981198186 0.31426595919500111 19.030054322801572 -4.0591020250030185 -1.6770885023701227 -3.1943438799649457 -1.4522923161934125 -2.323044546212317 -1.2737702588614099 -1.536345960575052 -0.48071444396180141 -0.21881475492558594 -2.4461336472473789 0.17932360196104044 -1.8738392715995191 1.2847918525946043 -0.3037728432834797 7.8499084105173242 3.8201952447201282 -2.6579334046331242 6.1762259085695126 3.1697157463470091 -1.3140633451694386 -3.3254617977226673 -0.31043688192792235
leaf_weight=199 21 24 43 50 39 45 44 36 22 21 22 58 75 126 190 96 261 30 186 37 90 39 32 41 23 27 24 43 53 94
leaf_count=199 21 24 43 50 39 45 44 36 22 21 22 58 75 126 190 96 261 30 186 37 90 39 32 41 23 27 24 43 53 94
internal_value=-0.00719751 -0.00389995 -0.0309524 -0.00804365 0.00427215 -0.00524194 -0.000217391 0.00555556 0.00277778 -0.0202128 -0.0104938 -0.00339806 -0.00923913 -0.0109756 -0.017757 0.00283019 -0.00851319 -0.0153846 -0.000961538 -0.0228814 0.0019573 -0.00171429 0.00732759 0.00322581 -0.000724638 0.015873 0.00959596 0.000746269 -0.0152174 0.00271739
internal_weight=2091 1849 242 1227 622 992 450 288 252 235 162 103 542 492 214 583 417 156 208 59 562 340 222 248 207 126 99 67 92 184
internal_count=2091 1849 242 1227 622 992 450 288 252 235 162 103 542 492 214 583 417 156 208 59 562 340 222 248 207 126 99 67 92 184
cat_boundaries=0 2 4 6 8
cat_threshold=2147484034 40 473600 155156 14156921 41346 397824 131584
is_linear=0
shrinkage=0.05


Tree=46
num_leaves=31
num_cat=4
split_feature=20 17 15 20 1 8 8 8 2 17 5 11 6 1 5 17 2 20 20 2 2 5 10 5 6 11 2 2 2 5
split_gain=69.2812 30.543 25.8529 20.9431 15.1637 7.44863 8.88255 7.33517 9.98529 6.55494 6.34987 6.03169 5.8544 5.82539 5.2973 5.73016 4.68296 7.55982 6.34969 11.6884 7.97179 7.08026 9.14667 6.74659 6.6569 6.30035 6.18479 5.71311 5.20185 9.56298
threshold=0 52.500000000000007 0.81250000000000011 1 365.50000000000006 550.75000000000011 917.93750000000011 301.18750000000006 175.50000000000003 28.500000000000004 237.87500000000003 495.87500000000006 329.69346041088517 1045.5000000000002 699.37500000000011 34.500000000000007 365.50000000000006 2 3 265.50000000000006 145.50000000000003 192.87500000000003 796.50000000000011 159.12500000000003 346.38844404594596 478.20833333333337 168.50000000000003 203.50000000000003 100.50000000000001 107.87500000000001
decision_type=1 2 10 1 8 8 10 10 10 2 8 10 10 10 10 2 10 1 1 8 8 10 10 10 10 10 8 8 10 8
left_child=2 3 -1 4 10 -6 14 8 -4 -9 -2 -11 -12 -8 -7 -16 18 25 19 23 21 28 -23 -5 26 -18 -22 -28 29 -20
right_child=1 -3 7 16 5 6 13 9 -10 11 12 -13 -14 -15 15 -17 17 -19 20 -21 24 22 -24 -25 -26 -27 27 -29 -30 -31
leaf_value=-1.4107045649995613 0.68165420818021838 -1.6812508034267002 -0.14742727097434169 1.3517064477318392 4.0222305710252106 3.3925504167606451 16.639850052884338 -2.9794851265216296 -1.7930203888080598 7.2595043740881735 -1.166654334686092 -1.0059107016813074 5.9051745788416987 4.9721189071148393 -2.6636133459134101 2.943316662519547 3.7240924739580592 -0.1270859856767288 -0.3331291205171022 2.3466193028095321 -1.9531463379954557 3.1518120000790306 -0.27408999099960879 -1.4258543237322336 -5.1075897555031169 -1.026680826251527 0.25281869135726254 -1.098396089981786 0.74599067809718633 -2.5113477621736453
leaf_weight=283 50 30 75 26 88 98 38 28 53 38 89 24 22 30 36 28 76 227 102 82 22 35 40 98 33 24 35 202 27 39
leaf_count=283 50 30 75 26 88 98 38 28 53 38 89 24 22 30 36 28 76 227 102 82 22 35 40 98 33 24 35 202 27 39
internal_value=-0.00524543 -3.1506e-05 -0.0212329 0.000937298 0.0095092 0.0160377 0.0113043 -0.0087156 -0.0164063 0.00222222 -0.00279503 0.0112903 -0.00945946 0.0264706 0.00493827 -0.00625 -0.00296846 0.00198777 -0.00519568 0.00231481 -0.00798165 -0.00144033 0.0113333 -0.00725806 -0.0136986 0.0127273 -0.0110039 -0.00864979 -0.00714286 -0.0109929
internal_weight=2078 1577 501 1547 479 318 230 218 128 90 161 62 111 68 162 64 1068 327 741 206 535 243 75 124 292 100 259 237 168 141
internal_count=2078 1577 501 1547 479 318 230 218 128 90 161 62 111 68 162 64 1068 327 741 206 535 243 75 124 292 100 259 237 168 141
cat_boundaries=0 2 4 6 8
cat_threshold=3222815138 1064 100930064 219648 805471233 1 10312 8214
is_linear=0
shrinkage=0.05


Tree=47
num_leaves=31
num_cat=5
split_feature=0 20 17 20 20 5 16 17 5 17 6 4 11 20 9 10 1 1 9 11 12 0 17 17 7 1 10 20 11 3
split_gain=65.8833 21.7832 13.1731 17.1785 8.38048 8.33795 7.20995 7.17408 13.0508 7.43401 12.4396 6.96148 5.01715 4.82144 9.74921 6.09075 5.94244 5.92167 4.58182 4.57619 4.50687 4.47826 4.61263 5.18117 3.75556 4.00668 4.00763 3.58673 8.20112 8.23366
threshold=12.500000000000002 0 52.500000000000007 1 2 34.125000000000007 1.4911826355591358 9.5000000000000018 103.37500000000001 51.500000000000007 1.0000000180025095e-35 250.50000000000003 647.08333333333337 3 418.65965134130892 796.50000000000011 520.00000000000011 291.50000000000006 677.58246740602988 495.87500000000006 165.61223408098229 1558.0000000000002 41.500000000000007 44.500000000000007 510.50000000000006 301.00000000000006 302.00000000000006 4 326.12500000000006 385.50000000000006
decision_type=10 1 2 1 1 8 10 2 10 2 10 10 10 1 10 10 10 10 10 8 10 10 2 2 10 8 10 1 10 8
left_child=2 4 3 -1 6 -3 -2 8 -5 10 -9 -12 13 14 15 16 20 -17 -14 -19 24 22 27 -24 25 26 -7 28 29 -6
right_child=1 5 -4 7 21 12 -8 9 -10 -11 11 -13 18 -15 -16 17 -18 19 -20 -21 -22 -23 23 -25 -26 -27 -28 -29 -30 -31
leaf_value=-1.1052035987905924 2.4025138489888236 -1.5073297209264944 -1.4971081529248877 -1.7385915682937789 -0.026032831119608347 1.2048084388855345 8.0623008547591901 1.4259638376785997 0.08277782038014081 -1.3600745756524582 -1.3317995943970011 0.040207130553517351 -4.5427907652097179 -0.38024802026197335 12.537888694570345 -2.4259684142444984 -1.8106193355687381 -1.0973237692260598 0.69775944723949912 9.4538147505085259 3.0719182483219072 33.603169715568001 -5.2628315253749536 0.92873001026028712 -0.55375052358662136 1.9126800626220133 -0.74461345254260469 1.0154815250984393 2.2219194082297919 -4.3193701635722048
leaf_weight=110 44 28 38 69 66 30 67 94 32 36 51 31 35 523 23 36 26 35 20 21 59 24 36 43 24 38 52 236 115 35
leaf_count=110 44 28 38 69 66 30 67 94 32 36 51 31 35 523 23 36 26 35 20 21 59 24 36 43 24 38 52 236 115 35
internal_value=-0.00512759 -0.000371287 -0.0218004 -0.0192671 0.00650888 -0.00520833 0.018595 -0.0119195 -0.0232673 -0.00707547 -0.00284091 -0.0170732 -0.00444685 -0.00351788 0.00112994 -0.00109034 0.00327511 -0.0119565 -0.0190909 -0.00178571 0.00615764 0.00380531 0.00291902 -0.00822785 0.00138889 0.005 -0.00121951 0.00486726 0 -0.010396
internal_weight=2077 1616 461 423 666 950 111 313 101 212 176 82 922 867 344 321 229 92 55 56 203 555 531 79 144 120 82 452 216 101
internal_count=2077 1616 461 423 666 950 111 313 101 212 176 82 922 867 344 321 229 92 55 56 203 555 531 79 144 120 82 452 216 101
cat_boundaries=0 2 4 6 8 10
cat_threshold=1143099924 219973 2147484032 32 512 131584 419800129 16 1142951956 2052
is_linear=0
shrinkage=0.05


Tree=48
num_leaves=31
num_cat=4
split_feature=20 17 15 20 12 12 6 10 11 16 20 4 9 20 4 17 2 6 11 5 11 8 3 8 9 16 6 6 4 3
split_gain=55.5626 33.3553 26.5872 19.0523 10.8613 7.95071 6.78178 5.363 8.2735 6.14261 5.08178 9.10862 10.7688 9.4632 8.11803 12.3055 7.82872 7.65115 6.71092 6.63489 6.98693 5.53776 8.37722 5.05023 7.25535 7.825 4.9 6.30616 4.82973 6.10159
threshold=0 52.500000000000007 0.68750000000000011 1 89.055707414781111 387.74801925211494 310.11361097953045 588.50000000000011 161.29166666666669 3.9026600908751194 2 417.50000000000006 526.54921438114002 3 576.50000000000011 22.500000000000004 557.50000000000011 249.01095999592428 495.87500000000006 360.62500000000006 290.87500000000006 481.12500000000006 381.50000000000006 285.43750000000006 79.028642070185398 1.7787382932319429 195.28917013248994 327.82997793987255 249.50000000000003 249.50000000000003
decision_type=1 2 10 1 8 8 10 10 10 10 1 8 10 1 8 2 8 10 10 10 10 10 10 10 10 10 10 10 10 10
left_child=2 3 -1 5 -5 6 -2 8 9 -4 14 17 13 -13 15 19 21 23 -17 20 28 22 -16 24 -12 -26 -9 -28 29 -6
right_child=1 -3 7 4 10 -7 -8 26 -10 -11 11 12 -14 -15 16 18 -18 -19 -20 -21 -22 -23 -24 -25 25 -27 27 -29 -30 -31
leaf_value=-1.2812111896117788 1.9502560186145814 -1.4313386342018681 0.066458269074266246 3.673316455651324 0.14768014505073951 5.0638829704052402 -1.9800321147156865 3.7066050200129554 -1.7320333726573125 -1.3529099846866046 -1.2216955200607744 0.038196774025840347 -6.8632459607138934 -1.6601194993192232 2.8061113666475266 0.88033711249879054 -0.53142586322508123 1.2984328786928643 -1.5736210061933833 -2.1836660776490455 2.7661043268664258 14.02685946984133 -1.2194175883632767 -1.0424575807647558 3.0796386832998013 -0.044404688624933901 -3.4735902672367063 0.73535615776692687 -3.3903974492275157 -1.2648300226471691
leaf_weight=260 126 34 49 30 21 177 59 30 32 23 32 101 20 110 72 220 102 95 35 52 27 20 23 79 22 79 29 61 22 24
leaf_count=260 126 34 49 30 21 177 59 30 32 23 32 101 20 110 72 220 102 95 35 52 27 20 23 79 22 79 29 61 22 24
internal_value=-0.00561471 -0.00100503 -0.0202429 6.45995e-05 -0.00301003 0.00994624 0.00297297 -0.00803571 -0.0163462 -0.00694444 -0.00380623 -0.00729927 -0.0149351 -0.0116114 -0.000636943 -0.00486284 0.00714286 -0.00179153 0.00176471 -0.0164384 -0.00851064 0.016087 0.0110526 -0.00707547 -0.00112782 0.00544554 -0.000833333 -0.00666667 -0.0171642 -0.00777778
internal_weight=2066 1582 484 1548 1186 362 185 224 104 72 1156 538 231 211 618 401 217 307 255 146 94 115 95 212 133 101 120 90 67 45
internal_count=2066 1582 484 1548 1186 362 185 224 104 72 1156 538 231 211 618 401 217 307 255 146 94 115 95 212 133 101 120 90 67 45
cat_boundaries=0 2 4 6 8
cat_threshold=3243245954 170 263684 213520 335591448 48133 143261729 64
is_linear=0
shrinkage=0.05


Tree=49
num_leaves=31
num_cat=3
split_feature=20 17 15 20 17 2 9 3 8 5 20 3 0 5 2 16 17 4 3 13 5 3 0 6 16 2 1 17 2 3
split_gain=53.5253 34.0069 29.1098 17.1195 14.892 8.59738 7.49432 6.93637 6.92002 6.82969 6.66795 6.11636 5.74359 5.5074 7.71429 7.66822 5.33136 5.00923 4.84264 7.40816 5.66274 4.83014 5.5225 6.83433 4.76383 4.60952 4.48566 4.25492 4.17027 4.15648
threshold=0 51.500000000000007 0.93750000000000011 1 44.500000000000007 1026.5000000000002 607.1606561519327 36.500000000000007 0.68750000000000011 448.87500000000006 2 99.500000000000014 436.50000000000006 781.62500000000011 866.00000000000011 1.4407878626563748 52.500000000000007 35.500000000000007 615.50000000000011 1040.0000000000002 729.25000000000011 397.50000000000006 177.50000000000003 146.94752637227842 6.1972069026863554 728.50000000000011 3.5000000000000004 25.500000000000004 1321.5000000000002 355.50000000000006
decision_type=1 2 10 1 2 10 10 8 8 10 1 10 10 8 8 10 2 8 8 10 8 10 10 10 10 8 10 2 10 10
left_child=2 3 8 4 5 7 17 -2 -1 11 13 -4 27 15 -15 -9 -3 -5 19 -14 -20 22 -17 -24 -8 -22 -10 -12 -7 -19
right_child=1 16 9 6 -6 28 24 10 26 -11 12 -13 18 14 -16 21 -18 29 20 -21 25 -23 23 -25 -26 -27 -28 -29 -30 -31
leaf_value=-0.74100426369259143 4.2580278879608828 -1.1628778497389656 1.0568669335159164 0.52987899863713961 10.783168434869992 10.767937227549119 -5.1189456608964736 3.5675441072301313 -1.1532354641595981 13.343941903604289 1.9702752084600292 -2.2333409242293403 1.9655148892051117 -4.8515792563051638 -1.4253564001373265 -2.9775995219661824 -1.4279595615478398 -0.55460398392505394 -1.6148711971363896 -5.4737762321592989 4.8277538851877813 -2.98031504226056 -2.0139316056093892 4.8915346808945221 -1.8219220024100098 0.34089633908862144 -1.3268140096115304 2.8072423490819776 6.2029562810511782 0.00081370235665190194
leaf_weight=26 30 37 22 103 70 30 43 25 153 25 41 50 28 21 21 36 36 613 20 21 20 61 28 36 29 28 103 31 33 256
leaf_count=26 30 37 22 103 70 30 43 25 153 25 41 50 28 21 21 36 36 613 20 21 20 61 28 36 29 28 103 31 33 256
internal_value=-0.00679191 -0.00289982 -0.0235219 -0.00141626 0.00542373 0.00254902 -0.00521822 0.000111857 -0.0322695 -0.000515464 -0.00155875 -0.00833333 0.00527638 -0.00714286 -0.0238095 -0.00376344 -0.0363014 -0.00411523 -0.00128205 -0.0132653 0.00735294 -0.00776398 -0.001 0.0078125 -0.0208333 0.0166667 -0.0347656 0.0166667 0.0198413 -0.00535098
internal_weight=2076 1697 379 1624 580 510 1044 447 282 97 417 72 189 228 42 186 73 972 117 49 68 161 100 64 72 48 256 72 63 869
internal_count=2076 1697 379 1624 580 510 1044 447 282 97 417 72 189 228 42 186 73 972 117 49 68 161 100 64 72 48 256 72 63 869
cat_boundaries=0 2 4 6
cat_threshold=2165326210 40 100964868 186884 100700676 6144
is_linear=0
shrinkage=0.05


Tree=50
num_leaves=31
num_cat=2
split_feature=0 20 2 18 18 9 13 20 2 4 3 2 9 10 0 9 0 0 0 0 18 6 6 2 12 7 6 2 16 3
split_gain=53.4297 18.4731 14.3348 12.2112 6.72399 6.57988 7.96795 7.3365 7.34605 6.93444 5.7808 5.66618 4.91788 8.52254 8.3787 7.81205 5.54026 4.91671 7.77911 6.6483 6.26645 9.3702 5.61738 4.87862 11.8739 4.81601 5.25387 6.36753 4.60035 4.57205
threshold=26.500000000000004 0 77.500000000000014 4.5000000000000009 6.5000000000000009 362.41341047956422 866.00000000000011 1 26.500000000000004 218.50000000000003 52.500000000000007 388.50000000000006 178.17502152351304 792.50000000000011 285.50000000000006 152.35187999255382 337.50000000000006 330.50000000000006 381.50000000000006 224.50000000000003 8.5000000000000018 515.60925744677343 462.80321627774521 203.50000000000003 190.79699929540223 483.50000000000006 373.15040013110041 1152.5000000000002 2.9171937304169053 406.00000000000006
decision_type=10 1 10 2 2 8 10 1 8 8 10 10 10 10 10 10 10 10 10 10 2 10 10 10 10 8 8 8 8 10
left_child=2 17 3 -1 -5 6 12 9 -9 -7 11 -4 15 23 -15 16 -3 19 -19 -2 21 -20 -22 -14 -25 -10 -27 -28 -21 -8
right_child=1 5 10 4 -6 7 29 8 25 -11 -12 -13 13 14 -16 -17 -18 18 20 28 22 -23 -24 24 -26 26 27 -29 -30 -31
leaf_value=-1.2593546064545926 0.19087300879141297 -0.78000451594440756 1.2005945960763111 0.36429805190128128 -1.0786329881327779 -0.33442304499141146 -1.1095421174950886 -4.3271831963164855 2.6869452455506337 5.0940473496333896 -2.6397307206261327 -1.2604733091309539 2.9704045298262147 5.2282879793701715 -3.5158035264199756 -1.6477104205254989 1.6933485052426549 -1.7166802329626281 0.3195403693825995 4.9710012122807861 1.8827851398049775 -3.8777774101038802 8.6986775434812103 -1.8956945834355368 6.2344011609317507 -2.3911287515446809 3.5158445057008536 -3.8239364702257603 -0.22876253082277742 -2.2039595820369757
leaf_weight=140 196 186 42 41 213 36 85 34 21 64 23 29 37 22 28 60 60 53 217 74 76 27 36 31 21 27 64 51 20 62
leaf_count=140 196 186 42 41 213 36 85 34 21 64 23 29 37 22 28 60 60 53 217 74 76 27 36 31 21 27 64 51 20 62
internal_value=-0.00520231 -0.000755668 -0.0196721 -0.0238579 -0.0173228 -0.00550612 -0.00861486 0.000505051 -0.00507246 0.0109091 -0.00212766 0.00492958 -0.0052809 0.00251799 -0.014 -0.00882353 -0.00487805 0.00528914 0.00183374 0.0103448 0.00449438 0 0.0142857 0.0117978 0.00192308 -0.000920245 -0.00422535 0.000434783 0.0212766 -0.0187075
internal_weight=2076 1588 488 394 254 889 592 297 197 100 94 71 445 139 50 306 246 699 409 290 356 244 112 89 52 163 142 115 94 147
internal_count=2076 1588 488 394 254 889 592 297 197 100 94 71 445 139 50 306 246 699 409 290 356 244 112 89 52 163 142 115 94 147
cat_boundaries=0 2 4
cat_threshold=4113961489 246345 8937540 4096
is_linear=0
shrinkage=0.05


Tree=51
num_leaves=31
num_cat=3
split_feature=1 20 17 20 17 5 2 12 17 16 11 17 20 8 11 16 2 3 5 13 2 11 11 2 11 5 16 1 2 2
split_gain=53.6538 26.4237 28.6849 14.7895 7.35458 6.72372 5.99766 5.92941 8.54118 6.33102 5.55773 5.36029 5.24617 6.90272 6.80954 6.6102 6.39538 6.54031 6.09524 5.4697 6.79187 8.03137 6.47171 5.19891 5.82593 6.79233 4.9 4.32758 4.09272 8.24784
threshold=24.500000000000004 0 51.500000000000007 1 8.5000000000000018 43.875000000000007 24.500000000000004 112.32538424919001 17.500000000000004 4.8016064257028122 1073.7916666666667 52.500000000000007 2 224.81250000000003 249.12500000000003 2.8369350794093067 207.50000000000003 92.500000000000014 216.25000000000003 632.50000000000011 239.50000000000003 185.75000000000003 143.62500000000003 955.00000000000011 278.41666666666669 282.00000000000006 3.2790586572253164 22.500000000000004 409.50000000000006 378.50000000000006
decision_type=10 1 2 1 2 10 8 8 2 8 10 2 1 8 8 10 8 10 10 10 10 8 10 10 8 10 10 8 8 10
left_child=1 7 4 10 6 27 -3 8 -1 -10 28 -4 16 19 -15 23 17 -5 -18 20 21 22 -14 24 25 -16 -21 -6 29 -2
right_child=3 2 11 12 5 -7 -8 -9 9 -11 -12 -13 13 14 15 -17 18 -19 -20 26 -22 -23 -24 -25 -26 -27 -28 -29 -30 -31
leaf_value=-0.87652237193737281 0.34558716068079182 -1.5086639780908095 -1.1830941529320966 -1.7181086616727983 2.9406387633093689 -2.1212693326596623 -0.10034826342033797 -1.1672321473080531 -1.1457707574734606 0.10621751263683565 22.614714932967804 -1.3026299340638088 0.15247694862996186 -3.1592735336351332 -0.21787680438363993 -1.7606925987862809 -2.2718190441504489 0.18408345699761669 -1.4114517881362447 0.15707070252270228 -2.3581802741692441 1.7661341063085574 -1.3586247879310052 3.7030506494558253 -0.13387795906414227 2.8856977392414538 11.915838065049748 1.1214178406463304 0.082891173573048607 3.5220127982110601
leaf_weight=34 249 37 32 23 21 35 69 153 23 28 24 36 30 54 20 132 21 48 21 20 25 34 21 22 425 21 20 67 306 20
leaf_count=34 249 37 32 23 21 35 69 153 23 28 24 36 30 54 20 132 21 48 21 20 25 34 21 22 425 21 20 67 306 20
internal_value=-0.00533559 -0.018972 -0.00798046 -0.000585938 0.000218341 0.00853659 -0.00943396 -0.0310484 -0.0217647 -0.00882353 0.00550082 -0.0367647 -0.00448786 -0.0029976 -0.00519288 -0.00370968 -0.0142276 -0.00633803 -0.0309524 0.00666667 0.000909091 0.00764706 -0.00490196 -0.00102459 -0.00214592 0.0158537 0.0225 0.0159091 0.0046087 0.00910781
internal_weight=2071 535 297 1536 229 123 106 238 85 51 599 68 937 824 674 620 113 71 42 150 110 85 51 488 466 41 40 88 575 269
internal_count=2071 535 297 1536 229 123 106 238 85 51 599 68 937 824 674 620 113 71 42 150 110 85 51 488 466 41 40 88 575 269
cat_boundaries=0 2 4 6
cat_threshold=3238019458 40 1157897777 214692 1572866 2
is_linear=0
shrinkage=0.05


Tree=52
num_leaves=31
num_cat=4
split_feature=2 20 17 20 20 2 2 2 5 20 16 3 12 2 16 8 8 12 17 0 17 3 0 8 2 9 17 8 8 5
split_gain=60.0989 28.345 32.9825 20.4356 7.38078 7.01258 6.69575 6.20707 9.3552 8.74883 8.41719 7.68644 5.72278 5.61219 5.35352 5.32767 7.2755 5.3062 4.93754 7.29128 5.21653 4.60433 4.45581 4.37289 5.11503 6.54675 8.11776 5.73296 4.68584 4.59487
threshold=24.500000000000004 0 51.500000000000007 1 2 409.50000000000006 5.5000000000000009 147.50000000000003 156.50000000000003 3 6.1346451473512644 417.50000000000006 8.4610437207923272 103.50000000000001 1.4133383865969618 407.75000000000006 554.62500000000011 1415.1620247096018 9.5000000000000018 74.500000000000014 23.500000000000004 1119.0000000000002 552.50000000000011 301.18750000000006 477.50000000000006 251.65407353662292 27.500000000000004 550.75000000000011 274.37500000000006 444.37500000000006
decision_type=10 1 2 1 1 10 10 10 10 1 10 10 8 10 8 8 10 8 2 10 2 8 10 8 10 8 2 8 10 10
left_child=1 12 6 4 21 -6 18 8 13 14 -11 -10 -1 17 -9 -7 22 -5 19 -3 -20 -2 -17 28 27 -26 -27 29 -16 -25
right_child=3 2 -4 7 5 15 -8 9 11 10 -12 -13 -14 -15 23 16 -18 -19 20 -21 -22 -23 -24 24 25 26 -28 -29 -30 -31
leaf_value=-0.90080854066053662 6.0597114313665088 -1.2083303125853813 -1.1520702440897446 -0.35668418386002687 0.85398093629870298 -1.7263884804117311 -0.67174989991344214 -1.0350633925932897 0.56993436682433374 -1.1320092523152987 -3.1881947206105523 -0.44663359677050213 -1.1918173389241598 0.28200924939897709 0.42323922606240671 0.089161801459391662 -1.0214545455709783 -1.2311107269902399 4.7840132795465697 0.082301786462106466 0.31509211362940737 15.697598543025386 3.5940878888781072 -0.51551115499889022 6.4098171282710048 2.2382937218112886 -2.4063125760974176 3.2361404376858505 1.2719149966956012 -2.7999016113867046
leaf_weight=40 76 46 67 54 225 41 28 21 106 304 20 29 181 30 71 45 124 32 27 87 82 34 23 70 33 37 35 31 26 26
leaf_count=40 76 46 67 54 225 41 28 21 106 304 20 29 181 30 71 45 124 32 27 87 82 34 23 70 33 37 35 31 26 26
internal_value=-0.00553389 -0.0195341 -0.00936599 -0.000301407 0.00709343 0.00405983 -0.00185185 -0.00486631 0.00179283 -0.0074184 -0.0131737 0.0107407 -0.0331169 -0.00862069 -0.00166667 -0.00193133 0.0015625 -0.0151163 0.000826446 -0.0056391 0.0087156 0.0183333 0.0147059 -0.000151976 -0.00387931 0.00428571 -0.00416667 -0.0106299 0.00876289 -0.0166667
internal_weight=2051 558 337 1493 568 458 270 925 251 674 324 135 221 116 350 233 192 86 242 133 109 110 68 329 232 105 72 127 97 96
internal_count=2051 558 337 1493 568 458 270 925 251 674 324 135 221 116 350 233 192 86 242 133 109 110 68 329 232 105 72 127 97 96
cat_boundaries=0 2 4 6 8
cat_threshold=3238003074 160 2233883152 219652 67109376 131072 1645290505 9489
is_linear=0
shrinkage=0.05


Tree=53
num_leaves=31
num_cat=2
split_feature=0 20 17 20 2 17 1 3 11 5 16 17 17 17 16 16 16 11 5 3 0 5 1 3 0 2 1 13 3 4
split_gain=56.1472 17.8407 17.6277 15.4723 8.88205 10.9896 5.87873 12.021 7.85446 7.30179 5.62679 5.49611 5.37514 5.26407 5.13813 6.47024 4.97061 4.76837 4.61576 8.42071 6.12691 4.75827 4.68581 7.11115 9.46746 6.78099 8.29756 7.77216 4.93489 7.2212
threshold=12.500000000000002 0 52.500000000000007 1 100.50000000000001 9.5000000000000018 128.50000000000003 42.500000000000007 305.95833333333343 224.37500000000003 3.3099742942497863 45.500000000000007 51.500000000000007 47.500000000000007 3.4056517379560729 2.3580652802122324 4.3679087635881277 4.7083333333333348 1010.2500000000001 1119.0000000000002 876.00000000000011 1173.5000000000002 486.50000000000006 426.50000000000006 124.50000000000001 307.50000000000006 268.00000000000006 912.00000000000011 214.50000000000003 249.50000000000003
decision_type=10 1 2 1 8 2 8 8 10 8 8 2 2 2 8 10 10 8 10 10 10 10 8 8 10 10 10 10 10 10
left_child=2 13 3 17 5 -5 8 10 9 14 -8 -9 -6 18 15 -3 -7 -1 19 20 22 -20 23 24 -2 26 -25 -27 -26 -30
right_child=1 6 -4 4 12 16 7 11 -10 -11 -12 -13 -14 -15 -16 -17 -18 -19 21 -21 -22 -23 -24 25 28 27 -28 -29 29 -31
leaf_value=-0.8077085231103599 1.7120701164479657 -1.4255876186234844 -1.0944667318852572 -1.372814263557 0.03077042405652293 0.19203774185088918 -0.049451790821535724 -0.65922314147454419 -3.1127408667653165 2.6052915087978619 5.3834896622484427 1.2293472188527332 -0.98180251055211287 16.024218257221076 -1.2456949439631795 1.0542542797851511 -1.1472596230126126 -0.79222452955770517 -3.0580443650139841 6.8833642030818112 5.9280199577289983 1.8372917743854771 1.3631400912655949 -1.4579095355776746 -0.58372123004379617 1.1407817667085964 -3.7871755613273024 -2.2144115040140036 -0.78370526955560682 3.3605881446760266
leaf_weight=29 38 25 47 53 150 37 24 542 60 45 33 44 38 20 75 36 30 81 37 34 61 20 175 20 104 39 21 21 54 67
leaf_count=29 38 25 47 53 150 37 24 542 60 45 33 44 38 20 75 36 30 81 37 34 61 20 175 20 104 39 21 21 54 67
internal_value=-0.00567961 -0.00122257 -0.0209677 -0.0177033 -0.0106918 -0.0216667 -0.00592841 -0.00349922 -0.0126556 -0.00745856 0.0184211 -0.0056314 -0.00425532 0.00464632 -0.0132353 -0.00245902 -0.00820896 -0.0333333 0.00397974 0.00520505 0.00383333 -0.00964912 0.00213358 -0.0010989 0.00323194 -0.0123762 -0.0280488 -0.00166667 -0.000666667 0.00619835
internal_weight=2060 1595 465 418 308 120 884 643 241 181 57 586 188 711 136 61 67 110 691 634 600 57 539 364 263 101 41 60 225 121
internal_count=2060 1595 465 418 308 120 884 643 241 181 57 586 188 711 136 61 67 110 691 634 600 57 539 364 263 101 41 60 225 121
cat_boundaries=0 2 4
cat_threshold=3693567537 213504 2147484032 32
is_linear=0
shrinkage=0.05


Tree=54
num_leaves=31
num_cat=3
split_feature=1 20 9 20 12 1 3 12 0 1 5 9 12 2 4 9 6 7 8 1 0 3 8 8 20 5 7 2 2 6
split_gain=57.3083 18.6452 14.1249 12.5618 8.46774 6.24833 9.57545 8.14808 7.86331 7.86166 7.70146 5.5716 6.85769 5.12746 6.19568 5.65835 7.5062 5.05445 5.12742 8.40033 5.36508 4.91881 11.0157 9.7247 6.76964 7.21259 7.28438 6.7647 7.43143 6.03982
threshold=24.500000000000004 0 219.5019298347448 1 8.4610437207923272 203.50000000000003 168.50000000000003 703.42785811983856 614.00000000000011 128.50000000000003 286.62500000000006 92.811582905808862 130.16978273456559 185.00000000000003 161.50000000000003 270.288170461015 76.725673303179192 290.50000000000006 266.18750000000006 317.50000000000006 500.50000000000006 68.500000000000014 331.81250000000006 284.18750000000006 2 835.62500000000011 1840.5000000000002 414.50000000000006 1071.5000000000002 163.77351849711812
decision_type=10 1 8 1 8 10 8 8 10 10 10 8 8 10 10 8 10 10 10 10 10 8 10 8 1 10 10 10 10 10
left_child=1 4 -3 5 -1 6 13 8 17 10 -8 -5 -13 15 -15 16 -2 -7 19 -19 -20 22 -14 -23 27 29 -27 -25 -29 -26
right_child=3 2 -4 11 -6 7 9 -9 -10 -11 -12 12 21 14 -16 -17 -18 18 20 -21 -22 23 -24 24 25 26 -28 28 -30 -31
leaf_value=-0.75419883369690754 -0.75348588251163662 3.9273451521022524 -0.91573951280975008 3.9748420440321475 -1.019020581107388 0.24354601036615264 0.38212154008678784 -1.8465374173435398 3.5085194401154967 1.6843436214534593 -2.6966424156364965 -1.538950897744872 4.6057739358711052 -1.9429262724625005 -0.11994850273906224 -1.1550679336456313 0.71931506229615616 -3.3749277057845148 -0.12752730760993389 -0.99190885882728852 -2.4001919589527176 -1.4397472226747086 -2.2101967102544582 2.9195864968778853 -0.7051091353794221 -4.4575281627796901 2.5030445868747537 -0.56546593181594174 10.794142704041498 0.98537563579815812
leaf_weight=41 36 29 253 28 199 20 46 104 44 69 22 38 48 30 23 30 26 25 162 33 27 81 20 92 115 30 22 100 40 215
leaf_count=41 36 29 253 28 199 20 46 104 44 69 22 38 48 30 23 30 26 25 162 33 27 81 20 92 115 30 22 100 40 215
internal_value=-0.00600586 -0.0203065 -0.010274 -0.00111402 -0.0304 -0.00601132 -0.00035461 -0.01 -0.00594855 0.00912409 -0.00294118 0.00303933 0.00230961 -0.00931034 -0.0216981 -0.00217391 0.00645161 -0.00917603 -0.0111336 -0.0241379 -0.00714286 0.00334207 0.0161765 0.00208633 0.00423453 0 -0.0173077 0.0107438 0.00428571 0.00272727
internal_weight=2048 522 282 1526 240 697 282 415 311 137 68 829 801 145 53 92 62 267 247 58 189 763 68 695 614 382 52 232 140 330
internal_count=2048 522 282 1526 240 697 282 415 311 137 68 829 801 145 53 92 62 267 247 58 189 763 68 695 614 382 52 232 140 330
cat_boundaries=0 2 4 6
cat_threshold=3238019458 168 687425646 34138 1140863488 199168
is_linear=0
shrinkage=0.05


Tree=55
num_leaves=31
num_cat=3
split_feature=1 20 17 20 12 17 17 6 13 2 9 20 17 17 17 1 3 11 2 11 6 9 17 17 3 2 10 9 2 9
split_gain=46.8949 29.288 24.6939 16.0625 11.0415 6.90498 6.86734 10.7861 8.16935 7.50747 10.2645 7.43373 11.783 11.6758 11.5105 10.512 9.52381 6.44229 6.4381 7.12459 6.41643 6.06632 5.82106 5.81225 6.17058 5.59152 5.22573 15.1787 7.46177 7.7435
threshold=60.500000000000007 0 52.500000000000007 1 2021.1642743235004 28.500000000000004 39.500000000000007 376.27404164090495 793.50000000000011 139.50000000000003 93.736994972181137 2 25.500000000000004 29.500000000000004 31.500000000000004 281.50000000000006 217.50000000000003 471.04166666666674 96.500000000000014 309.83333333333343 0.95742710711036594 650.38110033136581 43.500000000000007 41.500000000000007 827.00000000000011 409.50000000000006 789.00000000000011 227.37535331791119 207.50000000000003 165.93662142357218
decision_type=10 1 2 1 8 2 2 10 10 10 10 1 2 2 2 10 10 10 10 8 10 10 2 2 10 10 8 10 10 10
left_child=1 4 -3 23 5 20 9 8 22 18 -11 12 15 25 -15 -12 -14 -16 19 -5 -1 -9 -8 24 26 -13 27 28 29 -2
right_child=3 2 -4 6 -6 -7 7 21 -10 10 11 13 16 14 17 -17 -18 -19 -20 -21 -22 -23 -24 -25 -26 -27 -28 -29 -30 -31
leaf_value=-0.67127411476343302 -0.097967392630222611 -0.38728882597092795 -1.1231721837078927 0.28364948307220889 -1.0674137632549441 -0.46798436439538343 0.97098867880783934 24.470520316720883 -2.1436583771018376 4.6745637950005232 0.14791277218375926 4.9042158361820505 -1.1532688996379734 -4.9322480617736275 2.1074410976099958 -2.1657954527235375 2.4527514458872504 -1.2951867571676587 -1.4849712120035521 -1.1268731290598877 -0.82082781915067893 16.800675117066913 6.0161191844944462 -1.6684160440638232 3.3284688500731505 2.9472863196982377 -1.0290101643785301 4.5998989830568577 -1.1073418014082521 7.2213507660567444
leaf_weight=21 87 360 32 31 103 43 35 34 68 50 44 59 21 20 21 79 75 55 35 74 57 23 27 94 35 120 168 23 157 27
leaf_count=21 87 360 32 31 103 43 35 34 68 50 44 59 21 20 21 79 75 55 35 74 57 23 27 94 35 120 168 23 157 27
internal_value=-0.00514918 -0.0167208 -0.00771144 -0.000273598 -0.0307692 -0.0219008 0.00402951 0.0125668 0.00461538 0.00175439 0.00441176 0.00222672 -0.00458515 0.00754386 -0.00625 -0.0150407 0.00833333 0.00263158 -0.00857143 -0.00238095 -0.0307692 0.0307018 0.0177419 -0.00657238 -0.00452716 0.0153631 -0.00606061 -0.00204082 -0.00535055 0.00438596
internal_weight=2078 616 392 1462 224 121 871 187 130 684 544 494 219 275 96 123 96 76 140 105 78 57 62 591 497 179 462 294 271 114
internal_count=2078 616 392 1462 224 121 871 187 130 684 544 494 219 275 96 123 96 76 140 105 78 57 62 591 497 179 462 294 271 114
cat_boundaries=0 2 4 6
cat_threshold=1092632962 32 3101266024 462 100672528 60928
is_linear=0
shrinkage=0.05


Tree=56
num_leaves=31
num_cat=4
split_feature=20 15 17 20 12 3 5 17 16 16 5 17 5 16 1 9 20 9 6 5 5 10 3 3 4 20 4 5 3 4
split_gain=42.1482 37.1553 30.8804 13.3511 12.4469 7.72917 7.55796 7.54609 7.36984 4.45636 4.40539 8.4 6.57845 7.17037 4.05473 8.55201 7.62794 6.51724 4.05447 5.75891 5.28 4.37576 4.01099 3.96674 11.7966 8.31009 6.66479 5.65507 5.96397 5.60535
threshold=0 0.81250000000000011 52.500000000000007 1 652.16994837161076 1119.0000000000002 22.500000000000004 37.500000000000007 2.2544312830027118 1.4407878626563748 887.25000000000011 36.500000000000007 650.12500000000011 2.1870396834737194 178.00000000000003 190.26878282977603 2 621.06450343268602 164.87419381198987 366.12500000000006 340.87500000000006 485.00000000000006 368.50000000000006 187.50000000000003 103.50000000000001 3 161.50000000000003 453.12500000000006 557.50000000000011 386.50000000000006
decision_type=1 10 2 1 8 8 8 2 10 10 10 2 10 8 10 10 1 10 10 10 10 10 10 8 8 1 10 10 8 10
left_child=1 4 3 5 8 9 -5 -3 -1 -2 12 -12 23 -14 15 -11 17 -16 20 -20 21 -18 -21 24 -8 27 -27 -25 -29 -28
right_child=2 7 -4 6 -6 -7 10 -9 -10 14 11 -13 13 -15 16 -17 18 -19 19 22 -22 -23 -24 25 -26 26 29 28 -30 -31
leaf_value=8.0471144200276932 1.5424779318765447 -1.0648065882083599 -0.96890341196427132 6.3654902319493694 -1.0344333216319106 3.696141405786864 0.30607166508476102 2.4846943033907865 -0.73527735984506437 3.9463230057533849 -4.8801813196012915 4.2621750142634713 -0.059390301557857586 7.212099124382795 4.7330345762309207 -0.52892976632226552 -2.9573782151924819 -3.5506685946118299 1.8171294471809034 -3.9028107635194127 -3.5915533819252854 0.81758920320554873 0.016871907105897321 0.32288257901496853 -0.84821156948630905 -1.4327408407632092 0.57181541614742171 -2.6412595971004893 0.70908309869246011 -0.73244509760577903
leaf_weight=20 51 110 32 26 166 120 82 73 111 34 35 21 45 27 87 36 22 21 25 22 20 33 25 274 186 121 93 47 29 84
leaf_count=20 51 110 32 26 166 120 82 73 111 34 35 21 45 27 87 36 22 21 25 22 20 33 25 274 186 121 93 47 29 84
internal_value=-0.00534167 -0.0181633 -0.00136816 -0.000383142 -0.0294613 0.00632411 -0.00351852 -0.000819672 -0.0179389 0.00292553 -0.00421456 -0.0178571 -0.0034413 0.0111111 0.000769231 0.0114286 -0.00215686 0.00762712 -0.00923567 -0.00138889 -0.018 -0.01 -0.0117021 -0.00458515 -0.00970149 -0.00246914 -0.00844156 0.00277778 -0.00921053 -0.00254237
internal_weight=2078 480 1598 1566 297 496 1070 183 131 376 1044 56 988 72 325 70 255 108 147 72 75 55 47 916 268 648 298 350 76 177
internal_count=2078 480 1598 1566 297 496 1070 183 131 376 1044 56 988 72 325 70 255 108 147 72 75 55 47 916 268 648 298 350 76 177
cat_boundaries=0 2 4 6 8
cat_threshold=3278913922 32 796200 141828 1536 131588 142710801 82962
is_linear=0
shrinkage=0.05


Tree=57
num_leaves=31
num_cat=3
split_feature=2 20 17 20 17 9 3 4 2 3 12 20 2 1 4 15 12 0 8 9 1 9 6 6 1 6 4 17 0 9
split_gain=50.5826 18.6178 18.297 16.0834 12.5356 12.0746 7.21262 6.85804 11.6825 8.80179 7.55167 7.10859 10.7771 8.68826 7.64893 6.79354 6.69643 6.23155 5.79197 9.77892 5.5653 6.08245 5.87293 4.93714 7.63636 5.19697 5.14286 5.13333 4.86904 4.86007
threshold=26.500000000000004 0 52.500000000000007 1 17.500000000000004 348.12641457708656 1250.0000000000002 590.00000000000011 457.50000000000006 388.50000000000006 161.56669460918815 2 207.50000000000003 185.00000000000003 3.5000000000000004 0.43750000000000006 221.24836156782379 81.500000000000014 344.87500000000006 155.43449890012053 130.50000000000003 114.6172901624597 282.43811494759018 44.919835944602553 436.50000000000006 433.7351323567396 119.50000000000001 33.500000000000007 225.50000000000003 302.22236819300116
decision_type=10 1 2 1 2 8 8 10 10 8 8 1 10 10 10 10 8 8 8 10 10 8 10 10 10 10 8 2 10 10
left_child=2 6 3 4 -1 15 20 9 -9 11 -11 13 28 -3 -14 -6 -5 -18 19 -15 21 -2 -23 -12 26 27 -25 -26 -13 -30
right_child=1 7 -4 16 5 -7 -8 8 -10 10 23 12 14 18 -16 -17 17 -19 -20 -21 -22 22 -24 24 25 -27 -28 -29 29 -31
leaf_value=-0.71467063329662572 2.9852624652460591 6.7581193848990253 -0.8811786083587102 6.3795402687211267 0.51704375868643482 -2.2024079267619778 3.6354824036377398 -0.67457633881510892 5.998877140877906 -2.9675466650626121 -1.5337397284430623 -0.10637720900912911 1.1641411089445801 1.2394327028182304 -1.7941490824273565 -0.60789984016532628 -1.6401754060959026 -0.4184115280375606 1.2445698482625205 -3.17001454985345 0.60166793099555216 -1.9681642797072385 0.31863487279884384 -1.7415072615610931 -2.0194556550107423 -1.2253051629736831 0.46863945763091586 -3.4450395233958333 2.2070767927982518 -0.77225172168834044
leaf_weight=101 24 27 42 20 33 48 70 60 51 26 25 113 34 34 119 37 73 231 21 27 598 41 20 21 20 24 63 22 37 21
leaf_count=101 24 27 42 20 33 48 70 60 51 26 25 113 34 34 119 37 73 231 21 27 598 41 20 21 20 24 63 22 37 21
internal_value=-0.00573692 -0.000867824 -0.0182051 -0.0157459 -0.0259825 -0.0161017 0.00465269 -0.00642384 0.00495495 -0.00851735 -0.0171642 -0.00450346 -0.00808383 0.00630252 -0.0179739 -0.00285714 -0.00778443 -0.00986842 -0.00121951 -0.00901639 0.00314788 -0.00882353 -0.0172131 -0.0134286 -0.01 -0.0227273 0 -0.0333333 0.000292398 0.012069
internal_weight=2083 1498 585 543 219 118 753 745 111 634 201 433 324 109 153 70 324 304 82 61 683 85 61 175 150 66 84 42 171 58
internal_count=2083 1498 585 543 219 118 753 745 111 634 201 433 324 109 153 70 324 304 82 61 683 85 61 175 150 66 84 42 171 58
cat_boundaries=0 2 4 5
cat_threshold=1862683152 257809 3240100226 32 268509256
is_linear=0
shrinkage=0.05


Tree=58
num_leaves=31
num_cat=3
split_feature=20 20 0 6 20 18 2 16 7 8 11 4 4 9 3 4 0 5 0 2 10 0 11 3 0 4 8 6 9 0
split_gain=45.2152 16.5772 10.6885 10.5924 7.18349 7.169 6.93768 17.6459 7.01656 7.83405 8.83604 5.33272 5.3077 5.89858 9.16965 5.62872 5.26823 4.70062 9.40979 6.33047 12.3429 9.22496 8.47066 6.12226 6.41348 5.41556 4.90779 4.72896 4.46895 6.77357
threshold=0 1 34.500000000000007 30.156819147389747 2 7.5000000000000009 773.50000000000011 2.1870396834737194 1152.5000000000002 503.06250000000006 454.91666666666669 496.00000000000006 542.50000000000011 388.079370831944 449.50000000000006 124.50000000000001 47.500000000000007 197.62500000000003 126.50000000000001 214.50000000000003 792.50000000000011 358.50000000000006 338.29166666666669 55.000000000000007 219.50000000000003 253.50000000000003 254.68750000000003 118.47906138410055 153.46612887861517 235.50000000000003
decision_type=1 1 10 10 1 2 10 8 10 10 10 10 10 10 10 10 8 10 8 10 8 10 10 8 10 10 10 10 8 10
left_child=2 16 -1 -3 5 11 8 -8 9 10 17 28 13 14 15 -7 -2 23 -19 20 21 -20 26 -6 25 -25 -21 -28 29 -5
right_child=1 3 -4 4 6 12 7 -9 -10 -11 -12 -13 -14 -15 -16 -17 -18 18 19 22 -22 -23 -24 24 -26 -27 27 -29 -30 -31
leaf_value=-0.76669304205533551 3.2573507111955786 -0.64975767244355032 -0.8688188611040687 1.6698682341244748 -1.6847202609517453 -0.42420764319092757 -1.0832101562631877 5.0705124452457229 -4.5240959227163478 0.56765687163269696 -2.0966792569961741 1.3787254325552967 -0.88752443999446773 10.880694476473185 -1.1892535800521047 5.086045633678717 0.33009814342439087 1.0339050892653696 -0.014701056300992832 -0.34029345747483575 -1.5310086233691473 5.1159739927732204 0.24852068035066852 0.19719164750186258 -1.5970574677074467 -1.5195393184293953 -0.77301074393854641 -3.1151288396687562 -0.96087625441785041 -1.6639819577393866
leaf_weight=232 20 240 161 26 24 28 27 44 60 56 42 27 29 20 20 50 485 30 29 41 24 27 59 58 23 20 22 32 118 29
leaf_count=232 20 240 161 26 24 28 27 44 60 56 42 27 29 20 20 50 485 30 29 41 24 27 59 58 23 20 22 32 118 29
internal_value=-0.00639563 -0.0027907 -0.021464 -0.00596708 -0.00367876 0.00210084 -0.00684713 0.00774648 -0.00886654 -0.00687885 -0.00916473 -0.004 0.0105442 0.0152542 0.0102041 0.0179487 0.00475728 -0.00681234 -0.0030303 -0.00641026 0.005 0.0178571 -0.0123377 -0.0148 -0.00940594 -0.0025641 -0.0215789 -0.0314815 -0.00722543 0.00454545
internal_weight=2103 1710 393 1205 965 347 618 71 547 487 431 200 147 118 98 78 505 389 264 234 80 56 154 125 101 78 95 54 173 55
internal_count=2103 1710 393 1205 965 347 618 71 547 487 431 200 147 118 98 78 505 389 264 234 80 56 154 125 101 78 95 54 173 55
cat_boundaries=0 2 4 6
cat_threshold=2149581186 226 536872504 156180 1464164352 32768
is_linear=0
shrinkage=0.05


Tree=59
num_leaves=31
num_cat=2
split_feature=20 17 15 20 3 17 3 0 1 7 0 11 7 0 17 1 3 1 7 3 16 4 16 12 6 4 6 16 16 3
split_gain=38.9968 23.5253 17.1529 16.1465 6.76486 11.1147 7.08999 6.5455 7.00042 7.08166 6.28276 5.70825 5.61268 5.59652 10.1769 5.26316 4.87151 4.65496 7.63269 5.57419 4.49738 6.09275 4.00885 5.69503 5.07404 8.18679 4.07612 4.05219 10.7761 10.3384
threshold=0 52.500000000000007 0.68750000000000011 1 46.500000000000007 31.500000000000004 150.50000000000003 876.00000000000011 479.50000000000006 520.00000000000011 918.00000000000011 767.95833333333337 789.00000000000011 12.500000000000002 10.500000000000002 190.50000000000003 531.00000000000011 520.00000000000011 898.50000000000011 324.50000000000006 3.953469480563538 96.500000000000014 6.1972069026863554 686.00518420896128 462.80321627774521 185.00000000000003 643.06710793493119 1.6123335776729733 1.4710365234316563 250.50000000000003
decision_type=1 2 10 1 10 2 10 10 10 10 10 10 8 8 2 10 10 10 10 10 10 8 10 10 10 10 10 8 10 10
left_child=2 3 -1 4 12 6 -6 8 9 -7 11 15 -2 14 -5 -8 -10 19 -19 -17 -4 -22 23 24 27 -26 -27 28 -15 -30
right_child=1 -3 20 13 5 7 10 -9 16 -11 -12 -13 -14 22 -16 17 -18 18 -20 -21 21 -23 -24 -25 25 26 -28 -29 29 -31
leaf_value=-0.7863040896267206 3.5917672076052698 -0.85574175069329184 -0.026900870803218881 -1.0235785288792982 -1.5725494520446022 0.015972592087597094 1.155954218470491 13.170195339494697 -3.1790086768790276 10.149327563089763 -2.79794519661686 6.5865364342743336 1.4663338224329863 -0.54893989125716591 0.043761741016472747 0.015301518280219285 3.4833241157003756 6.5793718598220643 -1.2864961272516071 -4.4429270109513759 -0.33909163407232779 -2.2677649133186342 0.83356357856743279 -2.1242072946390751 13.308692452254711 0.46367769068156406 -2.3397667696568591 -0.30824380678547958 -1.3738694950781338 5.1533020094687423
leaf_weight=217 25 26 90 65 30 38 36 44 23 22 41 22 68 67 39 32 28 20 32 30 37 21 39 49 29 29 23 769 21 46
leaf_count=217 25 26 90 65 30 38 36 44 23 22 41 22 68 67 39 32 28 20 32 30 37 21 39 49 29 29 23 769 21 46
internal_value=-0.00607386 -0.0027892 -0.0206667 -0.00206959 0.00548902 0.00276382 -0.00390947 0.0132258 0.00675676 0.0183333 -0.000704225 0.00348837 0.0177419 -0.00522766 -0.0163462 0 -0.00686275 -0.00526316 0.00576923 -0.0145161 -0.00810811 -0.0189655 -0.00419776 -0.00479187 -0.00396341 0.00802469 -0.00384615 -0.00503876 0.00298507 0.0171642
internal_weight=2058 1693 365 1667 491 398 243 155 111 60 213 172 93 1176 104 150 51 114 52 62 148 58 1072 1033 984 81 52 903 134 67
internal_count=2058 1693 365 1667 491 398 243 155 111 60 213 172 93 1176 104 150 51 114 52 62 148 58 1072 1033 984 81 52 903 134 67
cat_boundaries=0 2 4
cat_threshold=3225420162 168 67408424 184832
is_linear=0
shrinkage=0.05


Tree=60
num_leaves=31
num_cat=5
split_feature=20 20 4 20 5 4 20 2 7 20 3 3 16 1 1 4 3 6 2 16 3 4 0 3 13 9 9 16 12 3
split_gain=48.3366 16.7713 13.6954 17.0592 8.75122 8.51058 9.35562 6.91382 8.33105 7.6346 7.69762 6.25 8.27841 6.1775 5.77843 5.56467 5.43407 5.35164 5.52294 5.37833 5.26753 5.10448 6.243 6.01844 4.93106 4.90303 6.6256 5.80485 4.79711 5.22934
threshold=0 1 893.50000000000011 2 137.37500000000003 720.50000000000011 3 1762.5000000000002 1755.0000000000002 4 270.50000000000006 222.50000000000003 2.1635170820267375 1239.5000000000002 34.500000000000007 55.000000000000007 12.500000000000002 47.386704353636908 135.50000000000003 3.0281718653839929 161.50000000000003 6.5000000000000009 232.50000000000003 132.50000000000003 1040.0000000000002 610.02548980695894 385.02816589814523 3.829540423271053 89.689749259443474 329.00000000000006
decision_type=1 1 8 1 8 10 1 8 8 1 10 8 8 8 8 10 10 10 10 10 10 10 10 10 8 10 10 10 8 10
left_child=15 7 5 -4 -5 6 25 8 9 10 11 12 -2 -9 -6 -1 -8 20 24 -20 -18 22 -11 -23 -19 26 27 28 -3 -30
right_child=1 2 3 4 14 -7 16 13 -10 21 -12 -13 -14 -15 -16 -17 17 18 19 -21 -22 23 -24 -25 -26 -27 -28 -29 29 -31
leaf_value=-0.73001860439107036 -2.4880432900039398 5.0350024547299794 -1.0531826745538717 2.2775927928921669 -3.0377639095979418 4.6653242810142164 2.3957621811335663 -3.9844478413272726 6.8690493920333671 0.15180054956923145 -0.53464690846509411 4.0621280096734385 0.41665244169030019 -0.43312685398967798 -0.40503648150456506 -2.1056638698043368 -0.27172436549043083 -0.16114447307828358 -0.52774355114471094 -3.2115204460526332 -2.5688812830255188 -1.845539732851232 2.6472258570471325 1.2213839698561983 1.1025150323173805 -1.8686386161063611 9.3281384399681322 -0.6476271278608805 -0.22097561330772353 0.88409910082896492
leaf_weight=199 25 32 105 31 21 41 20 23 47 30 146 24 23 79 144 38 20 39 234 33 22 28 33 316 31 31 29 44 138 60
leaf_count=199 25 32 105 31 21 41 20 23 47 30 146 24 23 79 144 38 20 39 234 33 22 28 33 316 31 31 29 44 138 60
internal_value=-0.00613615 -0.00330823 -0.00732719 -0.0164452 -0.00631068 -0.00387597 -0.00511596 0.00229592 0.00416667 0.00264 -0.00482456 0.00833333 -0.00208333 -0.00980392 -0.0112121 -0.0269231 -0.0101467 -0.0117414 -0.00964392 -0.0129213 -0.0285714 0.00659472 0.0198413 0.00436047 0.00285714 0.00116279 0.00313531 0.000729927 0.00391304 0.0010101
internal_weight=2086 1849 1075 301 196 774 733 774 672 625 218 72 48 102 165 237 399 379 337 267 42 407 63 344 70 334 303 274 230 198
internal_count=2086 1849 1075 301 196 774 733 774 672 625 218 72 48 102 165 237 399 379 337 267 42 407 63 344 70 334 303 274 230 198
cat_boundaries=0 2 4 6 8 10
cat_threshold=2147484034 160 604246552 195350 1110459457 1024 1127243841 66624 4096 28944
is_linear=0
shrinkage=0.05


Tree=61
num_leaves=31
num_cat=4
split_feature=20 17 12 20 4 17 16 4 0 5 4 16 2 17 17 20 20 0 17 16 6 0 0 8 8 16 15 6 0 16
split_gain=44.3471 29.377 17.5703 9.80164 6.19589 6.00711 7.11275 5.6908 5.19808 8.41272 5.06986 6.33138 5.04792 4.94726 10.2724 7.80182 6.66948 6.34044 5.90514 4.83714 5.42534 6.30247 5.45201 4.81297 8.35146 5.03864 4.41041 4.29762 4.11073 4.10681
threshold=0 52.500000000000007 2021.1642743235004 1 464.50000000000006 28.500000000000004 7.7387783832651964 880.50000000000011 1.5000000000000002 111.25000000000001 294.50000000000006 1.6909981866486741 1026.5000000000002 25.500000000000004 26.500000000000004 2 3 670.50000000000011 21.500000000000004 1.9362000309745488 515.60925744677343 103.50000000000001 22.500000000000004 254.68750000000003 380.62500000000006 1.5093891298118607 0.81250000000000011 195.28917013248994 219.50000000000003 1.6496398062527524
decision_type=1 2 8 1 10 2 8 10 8 8 10 8 10 2 2 1 1 10 2 10 10 10 10 8 8 8 10 10 10 10
left_child=2 3 5 4 8 6 -1 -6 -2 -10 11 -11 13 16 -15 -16 17 -5 -18 -7 21 22 -21 -17 -25 -26 -4 -20 -23 -14
right_child=1 -3 26 12 7 19 -8 -9 9 10 -12 -13 29 14 15 23 18 -19 27 20 -22 28 -24 24 25 -27 -28 -29 -30 -31
leaf_value=-0.64828277431622139 -1.3471696253981134 -0.98989932790724589 -0.62219609288070266 -0.17773791761021301 1.1909222515111964 0.3633003476001932 0.15012833347843407 -3.0610192187090846 0.86321112520436438 2.0764960781150932 -2.2944238253022959 -0.67042054202892309 9.8460188478583355 7.0005075730146489 3.0226851845628091 -2.4146890776907548 0.28168778290640689 -2.9325722986614964 -1.0248526531528512 -0.66958463739455643 11.771314044774174 -3.7509446987106814 0.28271666137468143 1.1314874071310015 -1.6231578391565991 -0.22138010866346891 -0.51419362934420365 0.045488623500509112 -1.8938974558024186 1.2924089980694475
leaf_weight=120 52 31 153 84 77 23 26 30 51 25 72 306 35 20 105 30 253 33 27 35 24 23 30 97 41 136 20 21 43 51
leaf_count=120 52 31 153 84 77 23 26 30 51 25 72 306 35 20 105 30 253 33 27 35 24 23 30 97 41 136 20 21 43 51
internal_value=-0.00597878 -0.00179584 -0.0188363 -0.00084088 -0.00569823 -0.0123457 -0.019863 0.00514019 -0.00810277 -0.00638767 -0.00880893 -0.00619335 0.002386 0.00123967 0.00501166 0.00330073 -0.00263158 -0.0122047 0.00144695 -0.00617978 -0.00935484 -0.0133588 -0.00230769 -0.000955414 0.00109489 -0.00536723 -0.0320809 -0.0145833 -0.0242424 0.0139535
internal_weight=2074 1577 497 1546 613 324 146 107 506 454 403 331 933 847 429 409 418 117 301 178 155 131 65 304 274 177 173 48 66 86
internal_count=2074 1577 497 1546 613 324 146 107 506 454 403 331 933 847 429 409 418 117 301 178 155 131 65 304 274 177 173 48 66 86
cat_boundaries=0 2 4 6 8
cat_threshold=2170601922 33 1654267908 37018 1024 83460 201326592 17924
is_linear=0
shrinkage=0.05


Tree=62
num_leaves=31
num_cat=4
split_feature=6 20 17 20 20 17 2 16 17 3 2 3 2 7 3 3 12 17 16 16 11 11 12 17 20 5 5 11 17 3
split_gain=35.1252 18.771 17.5774 11.2049 9.73539 8.98734 8.45107 8.98597 7.30643 6.59341 6.48347 6.168 5.68009 5.66829 6.38298 6.30777 8.78708 5.61126 7.39627 8.00952 5.01926 5.1278 4.07077 3.91852 3.38099 6.36596 5.36644 6.2792 5.25361 5.01617
threshold=28.123889671187086 0 52.500000000000007 1 2 12.500000000000002 829.50000000000011 1.9761323629195073 17.500000000000004 1.0000000180025095e-35 1152.5000000000002 74.500000000000014 1243.0000000000002 804.00000000000011 361.00000000000006 468.50000000000006 376.21366014306471 27.500000000000004 3.1780456282562626 1.7540648822585914 242.66666666666671 317.66666666666674 272.68075809644819 26.500000000000004 3 404.00000000000006 363.87500000000006 304.91666666666669 31.500000000000004 265.50000000000006
decision_type=10 1 2 1 1 2 10 8 2 8 10 10 10 10 10 10 10 2 8 10 10 10 8 2 1 10 10 8 2 10
left_child=2 17 3 8 5 -3 13 -8 -1 -10 20 -5 -9 24 -15 -16 -17 18 19 22 -7 -22 -2 -23 26 -26 27 -6 -28 -27
right_child=1 4 -4 11 6 10 7 12 9 -11 -12 -13 -14 14 15 16 -18 -19 -20 -21 21 23 -24 -25 25 29 28 -29 -30 -31
leaf_value=-0.51692886054435316 -0.066699460744948175 2.0299805264971682 -0.71175165978992272 -0.41864808384870944 0.069668004369015088 -2.7690924022173244 -2.7147251855273624 6.4717442908498484 -0.059233904276559501 -1.077675217280152 -9.0635568308965695 -1.8678811460477913 3.7980547195230887 -2.9528033807986134 4.3246384347748519 -4.0771533504709314 1.6258396398014838 2.4912140506798894 2.5007801750494538 -1.4257882393601209 0.67530021031818566 -0.7111395437375343 3.876581700020171 -2.4930054550230252 -0.16554000423824392 -0.058862030201898112 -0.046462127770615785 -0.55030023752237012 1.7441784332972448 -3.2776089952121028
leaf_weight=50 39 34 40 306 122 72 25 34 24 28 21 25 29 98 23 41 30 202 39 56 29 36 25 54 345 22 52 121 45 29
leaf_count=50 39 34 40 306 122 72 25 34 24 28 21 25 29 98 23 41 30 202 39 56 29 36 25 54 345 22 52 121 45 29
internal_value=-0.00629771 -0.00280345 -0.0182875 -0.015358 -0.00566038 -0.0144531 -0.00341131 0.0113636 -0.0294643 -0.0192308 -0.0188679 -0.00982405 0.0214286 -0.00484914 -0.0125 -0.00319149 -0.0105634 0.00714286 0.000314465 -0.00583333 -0.0159686 -0.00966387 0.00625 -0.0155556 -0.00285326 -0.00591133 0.000857143 -0.00308642 0.0108247 -0.022549
internal_weight=2096 1623 473 433 1262 246 1016 88 102 52 212 331 63 928 192 94 71 361 159 120 191 119 64 90 736 396 340 243 97 51
internal_count=2096 1623 473 433 1262 246 1016 88 102 52 212 331 63 928 192 94 71 361 159 120 191 119 64 90 736 396 340 243 97 51
cat_boundaries=0 2 4 6 8
cat_threshold=3507503632 133636 2164261120 32 4235650 4288 170133572 107537
is_linear=0
shrinkage=0.05


Tree=63
num_leaves=31
num_cat=2
split_feature=0 20 17 20 17 6 2 17 2 10 1 3 1 17 5 16 2 6 11 17 16 10 8 0 16 11 1 11 3 3
split_gain=38.0671 20.0463 14.1795 13.4815 9.8415 8.65159 9.43307 7.61423 7.4255 9.31963 7.05406 9.70443 9.48786 7.48157 7.30312 6.90346 6.74049 6.51905 6.1912 5.62271 7.52173 5.70614 9.72 5.36501 6.24669 6.10298 5.3906 5.83018 5.65703 7.94771
threshold=22.500000000000004 0 52.500000000000007 1 47.500000000000007 339.10753327870071 199.50000000000003 9.5000000000000018 849.50000000000011 378.50000000000006 576.50000000000011 295.50000000000006 712.00000000000011 31.500000000000004 763.62500000000011 2.3580652802122324 1.5000000000000002 95.813817990629119 4.7083333333333348 51.500000000000007 2.234197237558079 46.500000000000007 93.500000000000014 1874.0000000000002 6.6489984157718718 954.16666666666674 192.50000000000003 400.70833333333337 139.50000000000003 253.50000000000003
decision_type=10 1 2 1 2 10 10 2 10 8 8 8 10 2 10 8 8 8 8 2 10 10 10 10 10 10 8 10 8 8
left_child=2 8 3 18 23 6 7 16 9 -2 11 -11 -12 14 -14 -10 -5 -13 -1 20 -9 -22 -23 24 25 26 27 -3 -28 -30
right_child=1 4 -4 5 -6 -7 -8 19 15 10 12 17 13 -15 -16 -17 -18 -19 -20 -21 21 22 -24 -25 -26 -27 28 -29 29 -31
leaf_value=-0.49106123671778817 3.6774842519291129 -0.40577956653182812 -0.69459077107619493 -0.47292013667178062 12.294975140286688 -3.9178325351777517 1.9547591752121836 0.50960725233869508 3.4294930074648224 0.27847201280019579 4.3675300845076181 -3.8758982916947731 0.20079262498892947 7.5098352535408539 -2.8354185119819251 10.801197662085826 -0.88817837806563471 -0.7833369474249281 -0.56089948477246576 -0.71578156874709298 -0.53739851924507265 0.40644195841880137 -1.1282699945797867 -4.2204322068553015 2.159868978872058 -2.5891159543984998 0.25392154053991195 -2.958946081152138 -1.6082924864144361 -0.16886484613781791
leaf_weight=35 35 272 39 28 24 29 40 78 86 126 37 20 45 34 22 23 38 120 78 35 33 20 30 22 40 20 111 37 98 400
leaf_count=35 35 272 39 28 24 29 40 78 86 126 37 20 45 34 22 23 38 120 78 35 33 20 30 22 40 20 111 37 98 400
internal_value=-0.00625304 -0.00248092 -0.01853 -0.015991 -0.0065764 -0.00982405 -0.00761589 -0.0110687 0.00519713 0.0023918 0.000247525 -0.00451128 0.00942029 0.00148515 -0.00820896 0.0169725 -0.0257576 -0.0135714 -0.0304878 -0.00612245 -0.00217391 -0.0126506 -0.002 -0.0074 -0.00685072 -0.00767591 -0.00708061 -0.0124595 -0.0043514 -0.00662651
internal_weight=2055 1572 483 444 1024 331 302 262 548 439 404 266 138 101 67 109 66 140 113 196 161 83 50 1000 978 938 918 309 609 498
internal_count=2055 1572 483 444 1024 331 302 262 548 439 404 266 138 101 67 109 66 140 113 196 161 83 50 1000 978 938 918 309 609 498
cat_boundaries=0 2 4
cat_threshold=1711608333 148232 3221242112 32
is_linear=0
shrinkage=0.05


Tree=64
num_leaves=31
num_cat=3
split_feature=20 17 20 2 2 1 1 1 8 8 1 1 5 2 16 11 10 11 2 5 20 5 9 1 4 9 1 4 13 9
split_gain=35.9419 23.047 11.4657 7.91003 8.07091 7.21597 7.78467 7.25627 6.51685 8.55567 7.96163 9.75444 5.55229 4.99056 4.48282 7.97205 8.10558 7.20013 7.2453 5.82484 5.97654 9.32895 4.91324 4.74785 4.66857 8.70036 6.23701 7.77778 5.74359 6.60186
threshold=0 52.500000000000007 1 1071.5000000000002 462.50000000000006 317.50000000000006 278.50000000000006 885.00000000000011 729.00000000000011 567.25000000000011 720.50000000000011 419.50000000000006 741.12500000000011 180.50000000000003 1.7243462247177754 445.04166666666669 587.00000000000011 267.20833333333343 400.50000000000006 665.75000000000011 2 533.37500000000011 146.67794338251119 135.50000000000003 101.50000000000001 297.49066121486004 195.50000000000003 436.50000000000006 774.50000000000011 205.46899512357245
decision_type=1 2 1 8 10 8 10 10 8 10 8 10 10 10 10 10 10 8 10 10 1 10 10 10 8 10 10 10 10 10
left_child=3 2 5 4 -1 6 -2 -7 9 14 11 13 -11 -10 15 16 17 23 -19 20 -16 22 -22 -4 25 -24 -26 28 29 -28
right_child=1 -3 8 -5 -6 7 -8 -9 10 12 -12 -13 -14 -15 19 -17 -18 18 -20 -21 21 -23 24 -25 26 -27 27 -29 -30 -31
leaf_value=-0.60267193731933733 0.043774100017066081 -0.65986123252238515 13.640350861710491 -0.71504565361795658 1.1395161546301353 3.2319134896435742 -1.8002181475121546 -0.22168263831752599 -0.89969976088500347 4.4978654014653676 -0.14780139433718348 -3.148540400927601 -0.064256153223911386 0.0046024691018956791 0.03937835519706212 -1.607451981719592 2.2382632205015356 -1.3268127391761455 2.6916802685904657 9.0721513776142739 -0.55017490960834725 -3.5351780839319904 1.3096075268166061 0.25243720055199931 -0.83653127452235199 -3.5162711889799199 -0.38134993368676506 2.955561838926549 -0.70439233481238694 2.6829915018175132
leaf_weight=289 109 29 21 55 36 165 21 67 99 53 176 55 30 71 208 37 22 58 22 23 125 30 23 44 65 21 30 36 32 22
leaf_count=289 109 29 21 55 36 165 21 67 99 53 176 55 30 71 208 37 22 58 22 23 125 30 23 44 65 21 30 36 32 22
internal_value=-0.00554484 -0.00234742 -0.00159159 -0.0192308 -0.0167692 0.0061828 -0.00307692 0.0116379 -0.00376999 -0.00144124 -0.00910224 -0.0153333 0.0138554 -0.00941176 -0.00299145 0.00343137 0.00808383 0.0037931 -0.00625 -0.00512195 -0.00608108 -0.00964467 -0.00762712 0.0161538 -0.00327511 0.0113636 -0.00675676 0 -0.00833333 0.00192308
internal_weight=2074 1694 1665 380 325 362 130 232 1303 902 401 225 83 170 819 204 167 145 80 615 592 384 354 65 229 44 185 120 84 52
internal_count=2074 1694 1665 380 325 362 130 232 1303 902 401 225 83 170 819 204 167 145 80 615 592 384 354 65 229 44 185 120 84 52
cat_boundaries=0 2 4 6
cat_threshold=2417000834 160 512 241153 539520065 64
is_linear=0
shrinkage=0.05


Tree=65
num_leaves=31
num_cat=0
split_feature=1 17 7 2 14 17 14 8 17 1 11 8 13 8 0 2 2 2 6 7 10 10 0 2 8 17 10 7 8 5
split_gain=37.2142 15.3276 10.4873 7.98448 6.88172 6.80556 6.08444 5.93713 7.08038 5.57537 4.88156 5.5619 13.6229 4.76795 5.39849 5.17198 5.6014 10.8436 6.39686 7.76938 8.05504 6.3936 6.47664 5.26042 6.79444 5.73627 6.12612 5.20745 5.05553 10.4619
threshold=128.50000000000003 52.500000000000007 28.500000000000004 829.50000000000011 3.5000000000000004 16.500000000000004 1.0000000180025095e-35 893.37500000000011 45.500000000000007 122.50000000000001 550.66666666666674 572.93750000000011 1762.5000000000002 539.62500000000011 77.500000000000014 829.50000000000011 214.50000000000003 275.50000000000006 44.919835944602553 251.00000000000003 344.50000000000006 794.50000000000011 183.50000000000003 288.50000000000006 413.62500000000006 31.500000000000004 681.00000000000011 746.00000000000011 155.87500000000003 69.500000000000014
decision_type=10 2 8 10 10 2 10 10 2 10 10 10 8 10 10 10 8 8 8 10 10 10 10 8 8 2 10 10 10 10
left_child=1 2 4 9 5 -1 -7 10 -9 -4 11 13 -13 14 28 16 18 27 -16 -20 -21 22 -22 -19 25 -25 -27 -18 29 -2
right_child=7 -3 3 -5 -6 6 -8 8 -10 -11 -12 12 -14 -15 15 -17 17 23 19 20 21 -23 -24 24 -26 26 -28 -29 -30 -31
leaf_value=-0.68252585906258934 -1.3576896476223321 -0.62607082599414587 -0.39578223565175374 -4.2897961466373014 -0.19987768972130476 0.026971905714493351 -0.6662640194186038 1.0842556336747522 34.720014573022503 -2.5900770176243579 -1.0355049624203787 4.4376083478998742 -3.0494233502362196 -3.1345345209866511 -0.5390674438879558 6.4476796065283679 -0.77249654251965016 2.8586364772733348 2.8624593638518925 -1.6556919952080422 -0.095877135238950473 -0.17796614141846875 2.9358163595562718 -1.0059187581475655 0.49457459255975211 0.84042402465307198 -0.29473558159868107 -4.0981969812687202 -2.0592166876806846 1.0483164571835368
leaf_weight=80 24 35 542 21 30 25 20 111 21 20 163 33 21 31 21 33 80 20 28 41 33 60 100 127 147 71 39 21 49 27
leaf_count=80 24 35 542 21 30 25 20 111 21 20 163 33 21 31 21 33 80 20 28 41 33 60 100 127 147 71 39 21 49 27
internal_value=-0.00612343 -0.0148124 -0.0132791 -0.0102058 -0.0248387 -0.03 -0.0144444 -0.000960799 0.00909091 -0.00907473 -0.00209581 -0.000795229 0.0148148 -0.00168067 -0.00103149 0.000304507 -0.000507614 -0.00366337 0.00512367 0.00725191 0.0042735 0.00854922 0.0146617 0 -0.00130208 -0.00654008 0.00181818 -0.0183168 -0.012 -0.000980392
internal_weight=2074 773 738 583 155 125 45 1301 132 562 1169 1006 54 952 921 821 788 505 283 262 234 193 133 404 384 237 110 101 100 51
internal_count=2074 773 738 583 155 125 45 1301 132 562 1169 1006 54 952 921 821 788 505 283 262 234 193 133 404 384 237 110 101 100 51
is_linear=0
shrinkage=0.05


Tree=66
num_leaves=31
num_cat=5
split_feature=20 10 4 20 0 6 0 1 11 20 0 1 4 9 8 20 4 1 1 16 6 11 8 4 20 8 18 12 12 9
split_gain=32.5667 21.2256 12.25 10.9868 11.4758 9.62614 7.71802 7.32223 7.83124 7.33011 8.02159 10.0152 7.98799 6.63957 7.36806 6.6136 5.94427 8.98139 5.69553 5.30538 9.84615 5.73775 5.26928 4.82672 4.66914 8.64688 6.63771 6.99272 6 5.73557
threshold=0 1770.0000000000002 81.500000000000014 1 113.00000000000001 62.72772600836867 2.5000000000000004 433.50000000000006 271.83333333333343 2 96.500000000000014 139.50000000000003 403.50000000000006 388.079370831944 447.81250000000006 3 452.00000000000006 185.00000000000003 375.50000000000006 5.5482098992282554 171.42668747522777 42.916666666666679 380.62500000000006 119.50000000000001 4 158.37500000000003 9.5000000000000018 165.61223408098229 130.16978273456559 348.12641457708656
decision_type=1 8 10 1 8 8 8 10 8 1 8 8 8 10 10 1 10 8 8 8 10 8 8 10 1 10 2 10 10 10
left_child=1 2 19 4 -2 -6 -3 9 -9 10 23 -12 24 14 -4 18 17 -13 22 20 -1 -21 -14 -5 -11 -26 27 28 -27 -29
right_child=3 6 13 7 5 -7 -8 8 -10 12 11 16 15 -15 -16 -17 -18 -19 -20 21 -22 -23 -24 -25 25 26 -28 29 -30 -31
leaf_value=-0.70182610735851747 4.2716441454704039 -0.89714791102946734 0.057174245354511301 0.72114440620980036 -1.0300686254391047 0.79840282342041746 -1.0245016288659901 3.9299470716710534 0.029060258565124286 -0.44506845958038793 -1.0664877232872698 0.70144086273916173 -0.28094882506930646 4.1070387470851699 -1.7273540679519996 -1.0658456306084145 2.4416296407495111 -0.33632888978040443 -1.1546096330558078 0.21230785845691372 -1.6711982024726568 -0.79801831745314478 2.0938947536859871 -0.139459420444976 3.1629302762343556 0.67109031268500274 -3.5714549098036374 4.2413923488387892 -3.3565316510462595 -0.10257934408805554
leaf_weight=78 22 61 134 46 20 343 144 22 237 122 79 27 30 36 30 115 29 132 39 44 39 39 37 31 24 27 20 29 27 22
leaf_count=78 22 61 134 46 20 343 144 22 237 122 79 27 30 36 30 115 29 132 39 44 39 39 37 31 24 27 20 29 27 22
internal_value=-0.00553957 -0.0152033 -0.00875 -0.00147651 0.0056962 0.00371901 -0.0285366 -0.00402715 0.00328185 -0.00633971 -0.000564972 -0.00468165 -0.0101594 0 -0.00426829 -0.0174208 0.00159574 -0.00220126 -0.00603448 -0.0175 -0.024359 -0.00783133 0.00223881 0.0136364 -0.00461255 0.00157233 -0.0036 0.00142857 -0.0111111 0.0147059
internal_weight=2085 605 400 1480 385 363 205 1095 259 836 344 267 492 200 164 221 188 159 106 200 117 83 67 77 271 149 125 105 54 51
internal_count=2085 605 400 1480 385 363 205 1095 259 836 344 267 492 200 164 221 188 159 106 200 117 83 67 77 271 149 125 105 54 51
cat_boundaries=0 2 4 6 8 10
cat_threshold=3222293955 1248 134283792 152080 5120032 40974 268472332 67584 562040832 67584
is_linear=0
shrinkage=0.05


Tree=67
num_leaves=31
num_cat=4
split_feature=20 14 20 3 0 11 13 20 4 2 5 12 9 5 0 4 20 11 2 1 4 2 3 2 1 11 9 16 0 16
split_gain=32.9444 13.7504 13.4641 6.98918 6.97786 5.92884 7.4625 5.70138 5.30034 5.13608 8.81481 4.89837 5.05015 4.89711 7.20818 6.61316 6.34105 11.5314 8.03373 9.88872 8.07515 6.10159 5.51806 4.55317 5.99254 4.49806 5.5159 4.3834 4.35209 5.2164
threshold=0 1.5000000000000002 1 829.50000000000011 276.50000000000006 278.41666666666669 622.00000000000011 2 332.00000000000006 1180.0000000000002 1010.2500000000001 249.13063721891706 165.93662142357218 433.12500000000006 296.50000000000006 287.50000000000006 3 454.91666666666669 5.5000000000000009 115.50000000000001 192.50000000000003 214.50000000000003 60.500000000000007 329.00000000000006 3.5000000000000004 392.04166666666669 131.73932306963027 6.1972069026863554 143.50000000000003 2.6674322474740495
decision_type=1 8 1 10 8 10 10 1 10 10 10 10 10 8 10 10 1 8 10 10 8 10 10 8 10 8 10 8 10 10
left_child=4 2 5 13 23 8 -7 28 -2 10 11 12 -9 14 16 22 18 -18 -4 20 -20 -17 -16 24 -1 26 -24 -26 -8 -30
right_child=1 -3 3 -5 -6 6 7 9 -10 -11 -12 -13 -14 -15 15 21 17 -19 19 -21 -22 -23 25 -25 27 -27 -28 -29 29 -31
leaf_value=-0.28953787986291052 0.45847513322680555 -0.43564977408317418 -1.2194235684050925 1.4776353369008519 -1.9265700747303371 -1.4081050910315243 1.9487897364825466 0.8315979809754126 4.3396653864863302 8.7065367891013814 -2.5143409288930005 4.2353156040554385 -1.6284723903021245 -1.7726904950676046 3.7753412598898564 3.9213149692023666 -0.39493061200448665 2.4771445027247427 1.2278590419478748 -0.75235151228232844 -0.77247552425488308 0.28415382302477993 -0.61309310729778876 -0.98846323139490622 -0.26753727901070906 -1.8742270108298216 0.26453133717810928 0.20592189686402992 -0.084726772584632223 -1.5915463063672164
leaf_weight=91 178 225 24 69 46 38 24 34 36 25 27 49 43 249 23 20 155 69 45 129 37 36 27 27 60 25 56 27 172 23
leaf_count=91 178 225 24 69 46 38 24 34 36 25 27 49 43 249 23 20 155 69 45 129 37 36 27 27 60 25 56 27 172 23
internal_value=-0.00615127 -0.00373377 -0.00213887 -0.00585216 -0.0227969 0.00341426 0.000114943 0.00214106 0.0102804 0.00851064 0.00555556 0.0111111 0.00324675 -0.00709497 -0.00479876 0.00347594 -0.00816993 -0.0017094 -0.0136735 -0.0111374 0.00243902 0.0178571 -0.00267176 -0.0197561 -0.0168539 -0.00740741 -0.00180723 -0.00747126 -0.00327511 -0.00589744
internal_weight=2089 1838 1613 964 251 649 435 397 214 178 153 126 77 895 646 187 459 224 235 211 82 56 131 205 178 108 83 87 219 195
internal_count=2089 1838 1613 964 251 649 435 397 214 178 153 126 77 895 646 187 459 224 235 211 82 56 131 205 178 108 83 87 219 195
cat_boundaries=0 2 4 6 8
cat_threshold=6291842 32 3758452304 184833 289856 20481 59244577 66826
is_linear=0
shrinkage=0.05


Tree=68
num_leaves=31
num_cat=4
split_feature=20 17 0 17 13 8 20 1 5 0 4 16 17 20 12 1 9 9 7 8 5 3 17 12 3 9 0 4 20 17
split_gain=31.2803 19.7274 16.9872 13.3197 11.2592 7.41108 6.60769 7.79766 8.05077 6.15008 9.967 6.58442 6.08604 7.59195 7.00023 6.79228 9.94313 7.77199 7.48363 6.80033 5.92733 5.91554 5.89667 5.75443 7.3986 6.2847 5.68105 5.35845 5.23376 5.216
threshold=0 52.500000000000007 42.500000000000007 44.500000000000007 5298.0000000000009 986.37500000000011 1 317.50000000000006 286.62500000000006 5.5000000000000009 20.500000000000004 5.5482098992282554 41.500000000000007 2 119.91424480244159 255.50000000000003 197.62473449916214 239.79034176233949 449.50000000000006 410.37500000000006 474.62500000000006 96.500000000000014 17.500000000000004 396.57338516373187 1007.5000000000001 747.10791204931832 712.00000000000011 35.500000000000007 3 51.500000000000007
decision_type=1 2 10 2 8 10 1 8 8 10 10 8 2 1 8 8 10 10 10 10 10 10 2 10 10 10 10 8 1 2
left_child=2 3 4 12 9 29 -4 27 -9 10 11 -1 13 14 21 28 18 -18 -17 -20 -10 -2 -13 24 -19 26 -25 -8 -15 -5
right_child=1 -3 6 5 -6 -7 7 8 20 -11 -12 22 -14 15 -16 16 17 23 19 -21 -22 -23 -24 25 -26 -27 -28 -29 -30 -31
leaf_value=-0.54621660027520746 -0.40484229440946812 -0.55187987030077856 0.68833482700248894 2.3876619294542403 -0.52334872288511558 37.021479282163959 -3.6923671564260938 3.1127763507664614 -1.2299807150392412 -1.2945690321752956 0.47066901049497933 -2.0481737716256139 -1.6513732755488015 -0.20198388400954528 -0.82126909591826969 -0.17411285590232808 2.0751293675704061 -0.13794473214588834 -1.4546185033755223 -0.07669543436059173 0.57382369777274678 3.7936086203522379 0.48419338856062577 8.5882359779033823 -2.7354454952671179 -3.2148250870981729 0.83302544406935797 -0.43924384868850552 0.55836987469172505 -0.45733196395043196
leaf_weight=33 31 24 121 130 182 21 35 21 69 35 27 21 76 112 178 95 57 117 65 44 44 24 23 30 26 22 37 147 185 28
leaf_count=33 31 24 121 130 182 21 35 21 69 35 27 21 76 112 178 95 57 117 65 44 44 24 23 30 26 22 37 147 185 28
internal_value=-0.00567961 -0.000914634 -0.0136719 -7.82473e-05 -0.0225857 0.0125698 -0.00743707 -0.0110429 -0.00223881 -0.0118705 -0.00576923 -0.0149351 -0.00213831 -0.00112414 -0.00884774 0.00125 -0.00233266 0.00363322 -0.0107843 -0.0197248 -0.00752212 0.00636364 -0.00227273 -0.000431034 -0.00664336 0.00955056 0.0171642 -0.0181319 0.00723906 0.00886076
internal_weight=2060 1302 758 1278 321 179 437 316 134 139 104 77 1099 1023 233 790 493 289 204 109 113 55 44 232 143 89 67 182 297 158
internal_count=2060 1302 758 1278 321 179 437 316 134 139 104 77 1099 1023 233 790 493 289 204 109 113 55 44 232 143 89 67 182 297 158
cat_boundaries=0 2 4 6 8
cat_threshold=3492987266 2235 1074806784 33 59253760 1024 201326661 64
is_linear=0
shrinkage=0.05


Tree=69
num_leaves=31
num_cat=3
split_feature=20 17 1 8 17 17 4 3 12 5 3 17 20 17 5 20 4 4 5 16 3 0 4 6 10 5 3 8 3 3
split_gain=28.6089 17.4077 11.7336 7.43566 13.9096 7.1003 6.84004 6.29697 6.23495 7.03275 6.02468 5.65005 7.40981 5.51138 8.0119 6.50857 7.47642 6.81921 8.74241 6.05501 6.44801 5.79475 5.07 4.89534 4.87106 8.49024 8.76378 4.45233 5.18493 4.45079
threshold=0 52.500000000000007 41.500000000000007 4.8125000000000009 17.500000000000004 36.500000000000007 249.50000000000003 35.500000000000007 363.01402894649829 228.62500000000003 513.50000000000011 3.5000000000000004 1 37.500000000000007 320.75000000000006 2 294.50000000000006 542.50000000000011 1039.6250000000002 1.5374520427901213 132.50000000000003 960.50000000000011 346.50000000000006 195.28917013248994 856.50000000000011 204.37500000000003 225.50000000000003 743.68750000000011 321.50000000000006 48.500000000000007
decision_type=1 2 10 8 2 2 8 10 8 10 10 2 1 2 8 1 10 10 10 8 10 10 8 10 10 10 10 10 8 10
left_child=2 11 3 4 -1 6 -4 -5 -8 -10 -7 -2 13 15 -15 19 -17 23 -19 -13 22 27 -21 -18 25 -22 -27 28 -16 -14
right_child=1 -3 5 7 -6 10 8 -9 9 -11 -12 12 29 14 21 16 17 18 -20 20 24 -23 -24 -25 -26 26 -28 -29 -30 -31
leaf_value=-0.70462954436496117 -1.2600732051586818 -0.74102426770531649 0.4471355599702303 -0.40109011595704225 0.48822186940478007 -2.8507317350104078 -2.8881051966862175 -0.25081296007952147 -0.99744128372154039 3.1678892271282337 0.25848713704152004 -2.8883987900803789 0.090720737293868592 4.4381851869261499 -0.49456717787697357 1.5075250305022565 -1.641574488748357 4.2207145985006767 -3.6844173022844817 -0.30204768684845951 0.82957933747614165 14.852067764944287 -3.2084030397786827 -0.73583478308534189 9.1002082394842585 0.38733884385478989 -4.0886500296349864 -2.7227567153661827 2.8586905826747797 -0.2473550020718932
leaf_weight=27 91 29 89 146 24 57 42 31 20 21 21 21 169 28 27 129 29 62 29 50 41 33 30 28 29 22 29 22 92 576
leaf_count=27 91 29 89 146 24 57 42 31 20 21 21 21 169 28 27 129 29 62 29 50 41 33 30 28 29 22 29 22 92 576
internal_value=-0.00459883 -0.00126904 -0.0151639 -0.0236842 -0.00686275 -0.008 -0.00232558 -0.0285311 -0.0126506 0.00121951 -0.0205128 -0.000553025 0.000207469 0.00386779 0.0108911 0.0011022 0.00609756 -0.00135135 0.00714286 -0.00517241 -0.00273632 0.00689655 -0.01375 -0.0149123 0.00454545 -0.00108696 -0.0147059 0.00248227 0.00630252 -0.00324503
internal_weight=2044 1566 478 228 51 250 172 177 83 41 78 1537 1446 701 202 499 277 148 91 222 201 174 80 57 121 92 51 141 119 745
internal_count=2044 1566 478 228 51 250 172 177 83 41 78 1537 1446 701 202 499 277 148 91 222 201 174 80 57 121 92 51 141 119 745
cat_boundaries=0 2 4 6
cat_threshold=3222372738 57 791023108 134662 251658244 1538
is_linear=0
shrinkage=0.05


Tree=70
num_leaves=31
num_cat=0
split_feature=0 17 17 9 1 15 9 12 2 2 17 14 2 16 0 11 1 6 9 4 17 1 1 11 5 0 5 0 2 0
split_gain=37.8523 8.93047 7.99542 8.09425 7.36491 7.22629 8.24618 7.52004 6.75851 8.60444 6.61028 8.43011 7.79865 10.6614 5.36068 5.23498 5.10995 4.80825 4.2687 4.21719 5.90629 6.97334 7.27634 4.95743 6.57453 8.53759 6.47803 6.90182 7.82286 4.3556
threshold=12.500000000000002 52.500000000000007 3.5000000000000004 747.10791204931832 132.50000000000003 0.68750000000000011 56.546897223896664 3147.2787993086317 175.50000000000003 381.50000000000006 17.500000000000004 2.5000000000000004 1.5000000000000002 5.335551858014421 62.500000000000007 131.95833333333337 119.50000000000001 12.150880695748642 112.76331904535034 36.500000000000007 22.500000000000004 940.50000000000011 798.50000000000011 451.79166666666674 297.50000000000006 102.50000000000001 474.62500000000006 849.50000000000011 191.50000000000003 513.50000000000011
decision_type=10 2 2 10 8 10 10 8 10 10 2 10 8 8 10 8 10 10 10 10 2 10 10 10 8 10 8 10 10 10
left_child=1 2 -1 8 5 6 14 16 10 -10 11 17 13 -12 -2 -6 -7 -4 -14 23 21 22 29 24 -17 -26 -27 28 -28 -21
right_child=4 -3 3 -5 15 7 -8 -9 9 -11 12 -13 18 -15 -16 19 -18 -19 -20 20 -22 -23 -24 -25 25 26 27 -29 -30 -31
leaf_value=-0.66487116239484489 0.61974351221252288 -0.40959018320113688 -0.60298855599671652 -0.89731467175232904 -0.89548560843785907 -0.27132061865473744 -2.8187626144715212 2.3933889789017067 2.6045204301953788 -0.56933960431512387 -1.0326603788689315 -0.0030189240213872371 -0.42268426043374313 1.7679917486899219 -1.4638061553729687 1.0401082267475559 -1.5630589844749523 -0.58320017532685564 -1.5703036019111491 -0.16467779375840053 0.027084826297166843 -3.8574835748353795 2.9919304273650598 2.7357235966260305 -2.8502888083416908 -1.1347444525664485 0.80823957964355631 -2.9542986868096337 13.277889085873728 -1.296496169452638
leaf_weight=27 20 37 73 25 23 191 24 34 20 25 21 31 135 23 45 52 33 20 21 178 719 27 22 23 21 43 50 24 20 61
leaf_count=27 20 37 73 25 23 191 24 34 20 25 21 31 135 23 45 52 33 20 21 178 719 27 22 23 21 43 50 24 20 61
internal_value=-0.00565764 -0.0183406 -0.0162708 -0.014467 -0.00204969 -0.00850144 -0.0207865 -0.00426357 -0.0126016 0.00555556 -0.0151235 -0.0241935 -0.0095 0.00909091 -0.0115385 -0.000277118 -0.00758929 -0.0317204 -0.0147436 0.00016129 -0.00124131 -0.00729167 -0.00478927 0.00622318 0.00380952 -0.00126582 0.00328467 0.0106383 0.0185714 -0.00732218
internal_weight=2068 458 421 394 1610 347 89 258 369 45 324 124 200 44 65 1263 224 93 156 1240 1007 288 261 233 210 158 137 94 70 239
internal_count=2068 458 421 394 1610 347 89 258 369 45 324 124 200 44 65 1263 224 93 156 1240 1007 288 261 233 210 158 137 94 70 239
is_linear=0
shrinkage=0.05


Tree=71
num_leaves=31
num_cat=3
split_feature=0 17 20 20 0 17 9 16 16 16 2 0 17 20 4 0 4 5 1 4 4 9 4 12 0 6 6 16 1 1
split_gain=28.9683 17.1545 15.6446 15.608 9.93993 9.48632 9.18025 9.02729 9.52595 7.79457 6.71367 5.77685 6.78995 7.93553 8.06995 8.73725 6.09737 6.04839 6.04082 5.19243 5.16572 6.62028 5.56862 5.03795 5.47225 4.96876 12.1 6.44175 4.58206 6.98722
threshold=77.500000000000014 52.500000000000007 0 1 789.00000000000011 17.500000000000004 311.06613154210658 4.0019970044932611 5.2870745999549253 3.1483609739863554 214.50000000000003 423.50000000000006 42.500000000000007 2 324.50000000000006 330.50000000000006 235.50000000000003 380.50000000000006 320.50000000000006 99.500000000000014 77.500000000000014 128.91348905435075 36.500000000000007 179.70959203488871 264.50000000000006 218.36769783966716 130.70810893497989 2.2872902826437955 1108.5000000000002 759.50000000000011
decision_type=10 2 1 1 10 2 8 10 10 8 10 10 2 1 8 10 10 10 10 8 8 10 10 8 10 8 10 8 10 8
left_child=1 2 5 20 11 -1 7 -7 -9 -4 -6 12 13 25 15 -15 18 -18 -13 -11 21 -2 -23 -16 -25 26 -5 -27 29 -22
right_child=3 -3 9 4 10 6 -8 8 -10 19 -12 16 -14 14 23 -17 17 -19 -20 -21 28 22 -24 24 -26 27 -28 -29 -30 -31
leaf_value=-0.29854644025169169 -3.3933001007429979 -0.46166932813781592 -1.2679871156343792 1.1085772658003734 -3.9290007750960174 7.8309973853002282 -1.4000651004840192 -0.95697333262031714 0.016641810379892385 1.792793812147172 -1.9355012031990755 0.0079579049519196594 -1.0722834481885677 0.086212285818701773 -3.3482771487625316 -3.0353787698150572 2.740543141209193 -1.2316713609800047 6.0943927187408384 -0.19960732525668412 0.20598634762802562 1.1885934357576502 -2.9782075416159546 -0.15462684474508423 -3.0294493455691569 7.9075959890776293 -1.3893414409339186 0.18642799283705075 -0.89890365043025333 6.8498486098512732
leaf_weight=110 21 41 66 36 31 21 59 20 38 41 60 47 56 162 41 33 27 93 40 232 432 58 21 57 29 21 24 23 70 86
leaf_count=110 21 41 66 36 31 21 59 20 38 41 60 47 56 162 41 33 27 93 40 232 432 58 21 57 29 21 24 23 70 86
internal_value=-0.00486641 -0.0138535 -0.0116695 -0.0010218 -0.00582278 -0.0209302 -0.0130435 -0.00189873 -0.012069 -0.00415473 -0.0214286 -0.00384615 -0.00684647 -0.00469484 -0.00843373 -0.00230769 0.0031401 -0.00416667 0.0132184 -0.000549451 0.00444126 -0.006 0.000632911 -0.0185039 -0.0116279 0.00701754 -0.00166667 0.0204545 0.00629252 0.00791506
internal_weight=2096 628 587 1468 780 248 138 79 58 339 91 689 482 426 322 195 207 120 87 273 688 100 79 127 86 104 60 44 588 518
internal_count=2096 628 587 1468 780 248 138 79 58 339 91 689 482 426 322 195 207 120 87 273 688 100 79 127 86 104 60 44 588 518
cat_boundaries=0 2 4 6
cat_threshold=3238019458 32 3842144865 149381 269746176 73744
is_linear=0
shrinkage=0.05


Tree=72
num_leaves=31
num_cat=0
split_feature=2 17 1 4 3 2 7 2 2 11 11 8 12 8 1 9 8 8 1 9 3 7 4 2 9 4 12 3 3 6
split_gain=22.8199 11.7397 7.61336 7.34199 6.37064 6.80387 8.29909 6.30956 6.88911 5.30129 7.44787 5.19858 7.21635 6.78103 5.94706 4.88295 7.74822 7.99759 5.89333 5.11691 4.92424 5.0623 4.77126 6.90746 5.73966 4.63004 5.16534 5.12305 4.63158 5.86667
threshold=26.500000000000004 52.500000000000007 20.500000000000004 9.5000000000000018 829.50000000000011 885.00000000000011 1590.5000000000002 573.50000000000011 203.50000000000003 622.41666666666686 701.83333333333337 567.25000000000011 624.53768602209254 832.37500000000011 1065.0000000000002 274.24346405091768 488.06250000000006 410.37500000000006 590.00000000000011 295.49384247721667 410.50000000000006 696.50000000000011 6.5000000000000009 288.50000000000006 251.65407353662292 124.50000000000001 236.99289150402021 247.00000000000003 96.500000000000014 74.858347737179272
decision_type=10 2 8 10 10 10 10 10 10 10 10 8 8 8 10 10 10 10 10 10 10 10 8 10 10 10 8 10 10 10
left_child=1 2 3 -1 9 7 -7 8 -6 11 -11 14 -13 -14 15 16 17 18 22 -17 21 -19 23 -2 25 26 27 28 -24 -30
right_child=4 -3 -4 -5 5 6 -8 -9 -10 10 -12 12 13 -15 -16 19 -18 20 -20 -21 -22 -23 24 -25 -26 -27 -28 -29 29 -31
leaf_value=-0.48667145662804645 1.3948140633208177 -0.43858586173092506 -0.25812215440087899 -0.0084437976278651291 -1.1893324397211644 12.3274989173314 -1.2455983182370745 -2.8286755610988736 3.8386754276180284 -4.0419350469546487 -0.66644045929648854 8.2499191301856794 -6.1408729448075636 0.1127910940292368 -3.1629410906870312 3.0447466054568171 -1.4272152846311714 7.3467427381317378 -2.1191469017153426 0.050421758915706862 -0.0013495413531131818 3.5090678668159572 -0.94332380262392457 -0.84171315393870716 -2.9766750810179392 -0.062110724023733611 0.010033830680659151 -2.1223983378299551 5.4331248415215301 -0.62704040836742869
leaf_weight=191 32 43 302 46 31 39 20 47 41 37 114 40 23 109 20 33 35 21 30 151 52 23 32 21 21 431 37 32 20 24
leaf_count=191 32 43 302 46 31 39 20 47 41 37 114 40 23 109 20 33 35 21 30 151 52 23 32 21 21 431 37 32 20 24
internal_value=-0.00481411 -0.0132302 -0.0112245 -0.0179325 -0.00158311 0.00730337 0.0211864 0.000420168 0.00972222 -0.00276532 -0.0115894 -0.0016428 0.00639535 0.000757576 -0.00300493 -0.00246231 -0.0041307 -0.00309278 -0.005 0.0048913 0.0104167 0.0227273 -0.004 0.0103774 -0.00527638 -0.00434028 -0.012069 -0.0175926 -0.0105263 0
internal_weight=2098 582 539 237 1516 178 59 119 72 1338 151 1187 172 132 1015 995 811 776 680 184 96 44 650 53 597 576 145 108 76 44
internal_count=2098 582 539 237 1516 178 59 119 72 1338 151 1187 172 132 1015 995 811 776 680 184 96 44 650 53 597 576 145 108 76 44
is_linear=0
shrinkage=0.05


Tree=73
num_leaves=31
num_cat=3
split_feature=20 17 3 9 1 17 20 20 1 5 5 7 5 8 4 12 6 17 5 7 12 6 16 16 17 17 17 3 11 5
split_gain=19.6372 16.2479 7.33531 11.05 8.99175 7.06973 23.2983 18.7668 10.8196 7.87598 7.26846 6.98247 9.4405 7.92857 6.7182 6.3215 5.79777 5.75523 5.37245 7.0662 5.68864 5.23713 5.1649 5.4 5.33605 4.73868 6.82581 5.61445 8.43694 6.22222
threshold=0 52.500000000000007 338.50000000000006 610.02548980695894 313.50000000000006 25.500000000000004 1 2 185.00000000000003 48.875000000000007 384.62500000000006 169.00000000000003 318.00000000000006 266.18750000000006 144.50000000000003 103.27343867797187 323.85979255834667 35.500000000000007 179.87500000000003 420.50000000000006 285.6613002916111 412.79542373433452 2.0623452285242645 2.4040853011811429 36.500000000000007 50.500000000000007 44.500000000000007 430.50000000000006 403.75000000000006 875.37500000000011
decision_type=1 2 10 8 8 2 1 1 8 8 10 10 10 8 8 8 8 2 10 10 10 8 10 10 2 2 2 10 10 10
left_child=2 5 -1 4 -4 6 11 25 10 -8 17 -2 13 -13 18 -16 -17 -9 -11 -20 -21 -18 -10 -24 -25 26 27 -7 -29 -30
right_child=1 -3 3 -5 -6 7 9 8 22 14 -12 12 -14 -15 15 16 21 -19 19 20 -22 -23 23 24 -26 -27 -28 28 29 -31
leaf_value=-0.51352951242932854 -0.64237963172469181 -0.36707744882201937 8.6209566426840496 -2.7422928532076312 -0.37278501241268319 1.5164646298238951 3.5046581251741658 0.060056436827578358 -0.25876032729958354 -2.6044612133954836 -3.8719811619946398 -0.47338270291358742 -2.639267003997614 1.0012570302553976 1.1014762198375962 -0.085948266135585538 3.9246374097847365 -1.4319653178469054 0.45343544578049588 -1.8618269769538729 1.4061445519073246 0.3373426642778668 0.36689275370527813 3.9426197770501648 -3.0853539985392859 -0.15828696448578938 11.802554898128866 -3.1728194539650278 3.7019188732499546 -1.0707912406507718
leaf_weight=394 75 32 30 33 39 151 21 31 201 20 21 42 73 32 20 245 31 57 28 31 23 109 48 26 34 27 62 34 42 21
leaf_count=394 75 32 30 33 39 151 21 31 201 20 21 42 73 32 20 245 31 57 28 31 23 109 48 26 34 27 62 34 42 21
internal_value=-0.005091 -0.00223012 -0.0136364 -0.00196078 0.00942029 -0.00149502 -0.00493333 0.00192053 -0.00514019 0.000929368 -0.0188073 -0.0181034 -0.012585 0 -0.000295858 0.00259259 0.00116883 -0.0125 -0.0117647 -0.00609756 -0.0166667 0.00928571 -0.000485437 0.00833333 -0.00166667 0.0105187 0.0125806 0.00887097 -0.000515464 0.0103175
internal_weight=2033 1537 496 102 69 1505 750 755 418 528 109 222 147 74 507 405 385 88 102 82 54 140 309 108 60 337 310 248 97 63
internal_count=2033 1537 496 102 69 1505 750 755 418 528 109 222 147 74 507 405 385 88 102 82 54 140 309 108 60 337 310 248 97 63
cat_boundaries=0 2 4 6
cat_threshold=3224373635 194 83910668 34340 83980828 118304
is_linear=0
shrinkage=0.05


Tree=74
num_leaves=31
num_cat=2
split_feature=20 0 1 20 15 1 1 0 3 2 16 0 0 7 0 5 5 0 6 0 0 9 2 9 1 3 3 9 18 2
split_gain=20.0771 7.79868 7.27371 7.18314 7.07678 6.24038 5.47528 5.04541 7.51304 6.44429 6.11191 5.56109 7.89857 4.93865 9.042 6.07903 5.84541 5.33419 4.84298 4.84 4.47645 4.42376 4.41596 7.67339 6.38217 4.64433 7.01117 6.85772 5.44121 4.58016
threshold=0 3.5000000000000004 545.50000000000011 1 0.81250000000000011 1293.0000000000002 1387.5000000000002 165.50000000000003 720.50000000000011 1026.5000000000002 2.4996856389546243 240.50000000000003 301.00000000000006 673.00000000000011 352.50000000000006 284.37500000000006 334.37500000000006 103.50000000000001 500.91095732254121 198.50000000000003 1229.5000000000002 406.01191363498913 582.50000000000011 214.40036324346624 262.50000000000006 596.50000000000011 426.50000000000006 144.13766200239004 8.5000000000000018 26.500000000000004
decision_type=1 10 8 1 8 8 8 10 10 10 10 10 10 8 10 10 10 10 10 10 10 8 10 10 10 10 10 10 2 8
left_child=2 -2 4 5 -1 7 20 10 11 21 -3 -9 -13 14 15 17 -15 -6 -4 -19 22 -10 25 -24 -25 26 29 -28 -27 -5
right_child=1 3 18 6 13 -7 -8 8 9 -11 -12 12 -14 16 -16 -17 -18 19 -20 -21 -22 -23 23 24 -26 28 27 -29 -30 -31
leaf_value=-0.33514780022956653 -0.34247274304807762 6.4895420850722862 -0.55047712251294756 -1.8329340210695086 -0.02574568959559035 -1.3672026233290007 3.5176928446153042 -1.298431217864237 0.20830174667436552 8.8770493404368693 0.0008573675302116613 5.313756732568371 -0.17587058194978342 0.073242606838397922 -4.1865044664133313 1.9831269858950109 -0.22286594154302436 -1.5916936545785008 -1.4162902166472566 -0.36370033386794065 2.4180398990746768 7.1197572261838706 -1.0489319332185432 4.7541155463933142 -1.0564268096373597 1.7223144431876094 0.038834474065413363 -2.0630760498717335 -1.605745228840364 -0.068806626666565771
leaf_weight=162 216 43 65 40 72 52 41 41 57 20 37 42 246 24 29 20 45 25 24 20 28 22 30 21 76 55 21 45 20 432
leaf_count=162 216 43 65 40 72 52 41 41 57 20 37 42 246 24 29 20 45 25 24 20 28 22 30 21 76 55 21 45 20 432
internal_value=-0.00552873 -0.00272727 -0.0143145 -0.00135135 -0.0117128 0.00298246 -0.00433455 0.00472441 0.00257009 0.0146465 0.01625 -0.00106383 0.00138889 -0.00617021 -0.0108434 -0.00547445 0.00507246 -0.00982906 -0.0275281 -0.0233333 -0.00533854 0.00822785 -0.00608108 -0.0145669 -0.00773196 -0.004323 -0.00594796 -0.0212121 0.00733333 -0.00381356
internal_weight=2071 1585 486 1369 397 560 809 508 428 99 80 329 288 235 166 137 69 117 89 45 768 79 740 127 97 613 538 66 75 472
internal_count=2071 1585 486 1369 397 560 809 508 428 99 80 329 288 235 166 137 69 117 89 45 768 79 740 127 97 613 538 66 75 472
cat_boundaries=0 2 4
cat_threshold=2422227338 168 1627792912 182849
is_linear=0
shrinkage=0.05


Tree=75
num_leaves=31
num_cat=4
split_feature=20 17 2 3 4 20 20 1 1 4 5 7 16 3 17 8 4 20 11 0 17 4 3 2 3 7 8 0 17 7
split_gain=22.7732 15.2515 8.80272 7.5351 7.70501 9.75817 8.55667 6.45692 9.60895 5.74244 5.45001 8.98332 5.94837 6.45158 5.65531 5.26175 5.07838 5.83051 11.7162 9.60702 6.60367 5.41938 5.79586 6.90966 11.3195 7.5919 7.34737 6.04296 8.46507 5.23982
threshold=0 51.500000000000007 26.500000000000004 1594.0000000000002 370.50000000000006 1 2 249.50000000000003 338.50000000000006 436.50000000000006 107.87500000000001 55.000000000000007 5.1733786368109334 9.5000000000000018 17.500000000000004 364.37500000000006 893.50000000000011 3 542.62500000000011 337.50000000000006 27.500000000000004 727.50000000000011 491.50000000000006 178.00000000000003 353.50000000000006 153.00000000000003 301.18750000000006 100.50000000000001 20.500000000000004 493.50000000000006
decision_type=1 2 10 10 10 1 1 10 10 10 10 10 8 8 2 10 10 1 8 8 2 10 10 10 10 8 8 10 2 8
left_child=2 3 10 4 5 7 9 -2 -9 -6 11 12 -1 14 -14 -10 17 18 19 20 -4 22 23 25 26 -19 -25 -27 -29 -28
right_child=1 -3 16 -5 6 -7 -8 8 15 -11 -12 -13 13 -15 -16 -17 -18 21 -20 -21 -22 -23 -24 24 -26 27 29 28 -30 -31
leaf_value=-0.39518853922087377 3.1404002673854507 -0.40486153689381477 -1.7015156225114361 13.772721482218675 -5.713683573278491 -0.012896449586222047 -0.02269916857210319 -2.3998770683392081 0.025715852208350043 -0.41296555044324351 -1.9285903394896324 0.57733689679188271 -0.16444643509393941 -0.39221086040792008 0.14967696540003603 2.1188650510699176 -2.8682048039990153 -1.401129019811117 -3.7285684375633963 7.0685941524187612 2.2522522470247508 1.8506897417261827 -1.2188898896718514 -1.4114013926860083 1.1217004993601705 1.8518645413491606 0.84871636751203927 3.3682059177580754 -0.62412380963048841 -0.9372173479665783
leaf_weight=47 98 43 24 21 22 463 281 23 54 79 64 37 52 148 27 41 33 30 20 38 33 21 75 85 34 22 20 37 47 95
leaf_count=47 98 43 24 21 22 463 281 23 54 79 64 37 52 148 27 41 33 30 20 38 33 21 75 85 34 22 20 37 47 95
internal_value=-0.00477767 0.000132159 -0.0102603 0.0012939 0.00070688 0.0039028 -0.00497382 0.0123894 0.00508475 -0.0166667 -0.0164 -0.0136656 -0.0167883 -0.0134361 -0.00189873 0.0121053 -0.00667752 -0.0055938 0.0044 0.0121053 -0.000877193 -0.00798319 -0.00932584 -0.00675676 -0.0119658 0.00220588 -0.0165 0.00849057 0.00238095 -0.00826087
internal_weight=2114 1125 989 1082 1061 679 382 216 118 101 375 311 274 227 79 95 614 581 115 95 57 466 445 370 234 136 200 106 84 115
internal_count=2114 1125 989 1082 1061 679 382 216 118 101 375 311 274 227 79 95 614 581 115 95 57 466 445 370 234 136 200 106 84 115
cat_boundaries=0 2 4 6 8
cat_threshold=1499087271 68843 536971792 159744 8423488 41216 1090535425 1024
is_linear=0
shrinkage=0.05


Tree=76
num_leaves=31
num_cat=0
split_feature=17 11 3 1 12 16 5 1 8 11 11 2 6 9 2 17 16 8 3 11 7 1 8 12 13 3 2 3 3 3
split_gain=17.0035 12.9576 6.33151 7.42945 4.68084 4.71089 4.15595 4.42674 7.4326 4.62433 4.34596 4.07582 4.11565 3.41738 8.0388 7.41753 5.82909 8.87331 7.79009 8.16347 7.27969 6.73247 5.65585 5.37764 7.10541 5.04794 7.32814 6.83876 5.00105 5.20632
threshold=51.500000000000007 205.58333333333334 315.50000000000006 346.50000000000006 97.888488256434712 1.3550619586695971 69.500000000000014 1160.5000000000002 1239.3750000000002 1030.8750000000002 683.16666666666686 5.5000000000000009 1.4571067811865477 197.62473449916214 240.50000000000003 22.500000000000004 1.5744040091327569 729.00000000000011 270.50000000000006 505.62500000000006 756.50000000000011 172.50000000000003 1064.3125000000002 129.25435086407251 599.00000000000011 128.50000000000003 98.500000000000014 388.50000000000006 355.50000000000006 400.50000000000006
decision_type=2 8 10 10 8 8 8 10 8 8 10 10 10 8 8 2 8 10 8 10 10 10 10 10 10 10 10 10 8 8
left_child=1 2 3 -1 -3 -6 11 13 9 10 -9 12 -7 14 25 -16 -15 18 19 20 21 -18 -19 -17 -25 26 -8 -27 -20 -30
right_child=-2 4 -4 -5 5 6 7 8 -10 -11 -12 -13 -14 16 15 23 17 22 28 -21 -22 -23 -24 24 -26 27 -28 -29 29 -31
leaf_value=-0.36302721202524285 -0.348020334189862 -1.1724210539450668 -1.545403464335152 3.0789556057578267 1.5129386413534378 -0.55658954985132014 0.45419739909140699 -4.4106884585918964 1.9934992965708205 -2.3137204375347125 0.048673226689834342 -0.19470275045101496 0.0064252677963392074 2.1027135497374276 -0.99128440042070176 1.1684654407653021 0.013034315759759352 -2.1200289065712723 -1.3916379706351998 3.0089986090448235 -0.2823621370332603 3.0095412078777048 0.46091137432200502 -2.5900177581749038 -0.15032944062014908 0.97017842467854232 -1.9212027478253213 -1.6382977396853222 3.3763423329512818 -0.10362404094952637
leaf_weight=254 84 21 21 25 35 49 20 32 22 20 29 34 35 51 82 22 55 104 68 23 110 70 41 33 118 86 22 45 25 451
leaf_count=254 84 21 21 25 35 49 20 32 22 20 29 34 35 51 82 22 55 104 68 23 110 70 41 33 118 86 22 45 25 451
internal_value=-0.0053426 -0.00441837 -0.014 -0.0120072 -0.00273048 -0.00243757 -0.00282332 -0.00212557 -0.0121359 -0.0191358 -0.0122951 -0.0118644 -0.00595238 -0.00140252 -0.00514019 -0.0107843 0.000200401 -0.000686378 0.00137157 0.00852713 0.00574468 0.014 -0.012069 -0.00491329 -0.00827815 0.00317919 -0.0119048 0.00801527 -0.00202206 -0.000210084
internal_weight=2087 2003 300 279 1703 1682 1647 1529 103 81 61 118 84 1426 428 255 998 947 802 258 235 125 145 173 151 173 42 131 544 476
internal_count=2087 2003 300 279 1703 1682 1647 1529 103 81 61 118 84 1426 428 255 998 947 802 258 235 125 145 173 151 173 42 131 544 476
is_linear=0
shrinkage=0.05


Tree=77
num_leaves=31
num_cat=3
split_feature=20 9 2 20 6 18 5 2 2 12 5 9 20 4 1 1 1 16 5 16 11 5 10 4 6 16 2 16 12 12
split_gain=22.244 9.94984 9.31205 8.54696 7.8784 6.5636 12.0832 5.65116 6.43859 7.85455 6.00824 5.60625 5.41363 8.7138 7.38608 6.97437 6.42857 6.07141 5.64604 5.31965 6.68896 6.11775 5.27884 6.03679 5.27858 5.41238 7.88253 4.8949 4.58592 5.14898
threshold=0 4.1262491899130938 876.00000000000011 1 383.10835783493127 9.5000000000000018 958.50000000000011 214.50000000000003 62.500000000000007 136.17283665665502 3.6250000000000004 610.02548980695894 2 124.50000000000001 147.50000000000003 353.50000000000006 36.500000000000007 1.6104076790647592 295.62500000000006 1.8344981446148763 349.41666666666669 487.62500000000006 488.50000000000006 139.50000000000003 824.12129175746372 1.6634315275838529 1201.5000000000002 2.6674322474740495 230.45306957230892 196.5410175309884
decision_type=1 10 10 1 10 2 10 10 10 8 10 10 1 10 10 10 8 10 10 10 10 10 10 10 8 10 10 10 10 10
left_child=1 -1 5 7 28 6 11 8 10 -10 -3 12 13 18 16 22 -14 -15 -2 20 -19 -21 23 -16 25 -4 -27 -17 29 -5
right_child=2 3 24 4 -6 -7 -8 -9 9 -11 -12 -13 14 17 15 27 -18 19 -20 21 -22 -23 -24 -25 -26 26 -28 -29 -30 -31
leaf_value=-0.41241378940336504 -1.0309990010728443 0.055079933717067875 7.3164290148877349 -0.097764877429731736 3.0026190441821541 -0.43682226998129753 -2.6736288893870199 -1.371882771886098 -0.35580138729832672 1.0696193548551265 -0.69689637008008964 -1.8399621498431131 0.012382599971770958 -1.5945928496880584 -0.28303103942265723 1.7832656868900472 2.7825536918903908 0.181111300556411 -1.6708267371613048 0.28769957940774166 6.981076683297994 -1.2316290312214564 -0.57391733422545321 3.023406921719225 17.891202322272513 2.4236297557874993 -4.7308469807342819 -0.76051700013121326 -0.69226952358590665 1.4590642160268517
leaf_weight=238 107 21 58 224 52 261 28 86 27 33 91 25 45 21 26 150 60 20 46 127 26 24 57 20 20 43 33 20 77 21
leaf_count=238 107 21 58 224 52 261 28 86 27 33 91 25 45 21 26 150 60 20 46 127 26 24 57 20 20 43 33 20 77 21
internal_value=-0.00486344 -0.0109091 -0.000448248 -0.00775316 -0.00260417 -0.00211665 0.000124688 -0.0145522 -0.00988372 0.00333333 -0.0169643 0.00129199 0.00206943 -0.00223097 0.00618557 0.00201465 0.017619 0.00412844 -0.0114379 0.00685279 0.0217391 0.00231788 -0.00825243 0.00434783 0.011039 0.00746269 -0.00131579 0.00823529 -0.00559006 -0.0022449
internal_weight=2087 870 1217 632 374 1063 802 258 172 60 112 774 749 371 378 273 105 218 153 197 46 151 103 46 154 134 76 170 322 245
internal_count=2087 870 1217 632 374 1063 802 258 172 60 112 774 749 371 378 273 105 218 153 197 46 151 103 46 154 134 76 170 322 245
cat_boundaries=0 2 4 6
cat_threshold=3914516914 1250 138445186 66 369632324 107012
is_linear=0
shrinkage=0.05


Tree=78
num_leaves=31
num_cat=3
split_feature=20 1 20 4 17 7 4 16 1 4 4 11 4 6 6 2 10 13 20 6 6 2 0 16 3 3 3 10 11 2
split_gain=19.4853 8.13783 7.95974 8.53079 6.55518 6.45807 6.45198 6.22594 6.11088 7.5647 5.81738 5.78143 13.3037 7.81515 8.95061 7.13592 5.67823 5.67804 4.97229 6.21608 7.42711 5.8999 8.29741 7.56202 5.09886 5.05962 5.65295 4.88526 6.36796 4.87862
threshold=0 1.5000000000000002 1 1003.5000000000001 41.500000000000007 336.50000000000006 383.00000000000006 7.9740693609866993 368.50000000000006 556.50000000000011 782.50000000000011 249.12500000000003 165.50000000000003 312.27004655761999 290.22583627496465 1026.5000000000002 436.50000000000006 1090.5000000000002 2 182.8803334311591 218.36769783966716 6.5000000000000009 368.50000000000006 1.8671504673770647 576.50000000000011 630.50000000000011 203.50000000000003 926.50000000000011 475.66666666666669 552.50000000000011
decision_type=1 10 1 10 2 8 10 8 10 8 10 8 10 10 10 10 8 10 1 10 10 10 10 8 10 8 10 10 8 10
left_child=1 7 5 10 11 -3 -6 -1 9 -7 -4 12 -2 14 16 27 -13 -10 21 -20 -21 -18 25 -24 -22 26 -23 -15 -29 -30
right_child=4 2 3 -5 6 8 -8 -9 17 -11 -12 13 -14 15 -16 -17 18 -19 19 20 24 22 23 -25 -26 -27 -28 28 29 -31
leaf_value=-0.64586724148347097 0.027929577351966085 0.37070385597547734 -0.4724170073796643 -3.5400092556885632 -0.45801233333984909 -2.2597309198658442 0.16260188774984102 -0.337810953070183 3.631632223584913 0.50133625362958156 17.441859142182533 0.61427686642068702 -1.3251826433127194 -2.9384593188920762 8.9647153107608126 1.849307437470209 -0.73687671284213851 -0.68331151209249874 0.67534543598350183 -1.2140440403339277 3.8982809692324825 -0.023854406467032165 0.78703805517239545 -2.2137209015286543 -0.31185017505556517 -1.060526938380437 1.0463939264208464 3.9293640098503233 -0.25507155192560588 -1.7866760951050424
leaf_weight=49 95 69 495 26 148 62 65 190 32 25 21 30 39 34 27 50 24 27 153 24 32 31 38 31 36 27 56 31 52 37
leaf_count=49 95 69 495 26 148 62 65 190 32 25 21 30 39 34 27 50 24 27 153 24 32 31 38 31 36 27 56 31 52 37
internal_value=-0.00466926 -0.00964215 -0.00719947 -0.0103261 9.34579e-05 0.00111111 -0.00774648 -0.0177824 -0.00479452 -0.0132184 -0.00910853 0.00206612 -0.00746269 0.00385694 0.00717092 -0.00441176 0.00560166 0.00762712 0.00420354 0.00882353 -0.00108696 -0.0016129 0.00136612 -0.0123188 0.00735294 0.00964912 0.0155172 -0.00974026 -0.005 -0.0117978
internal_weight=2056 996 757 542 1060 215 213 239 146 87 516 847 134 713 509 204 482 59 452 245 92 207 183 69 68 114 87 154 120 89
internal_count=2056 996 757 542 1060 215 213 239 146 87 516 847 134 713 509 204 482 59 452 245 92 207 183 69 68 114 87 154 120 89
cat_boundaries=0 2 4 6
cat_threshold=3956370723 3269 1107296544 2177 69341272 32784
is_linear=0
shrinkage=0.05


Tree=79
num_leaves=31
num_cat=3
split_feature=20 1 4 2 20 9 9 16 8 1 8 12 6 20 2 7 11 8 2 1 4 5 16 9 10 5 2 5 10 5
split_gain=16.7634 9.24319 8.46886 7.58407 8.73507 7.44713 8.26129 6.1103 6.17487 5.9759 8.97389 7.63257 8.50613 6.99422 6.94594 6.08355 5.80509 5.52869 5.35207 5.18059 6.88868 5.63161 5.01214 4.99188 4.86521 5.83333 4.67093 8.47787 6.62333 6.48438
threshold=0 132.50000000000003 1.0000000180025095e-35 135.50000000000003 1 135.37022632557202 17.843849325270856 4.660560973363487 1.3125000000000002 214.50000000000003 274.37500000000006 304.52274344315185 539.47020154321319 2 1071.5000000000002 1371.5000000000002 201.29166666666669 66.625000000000014 21.500000000000004 249.50000000000003 12.500000000000002 419.25000000000006 3.8606235270465814 351.52375703413969 1202.0000000000002 887.25000000000011 314.50000000000006 404.00000000000006 587.00000000000011 339.00000000000006
decision_type=1 10 8 10 1 8 10 8 10 10 8 10 10 1 10 10 8 10 10 10 8 10 10 8 8 8 10 8 10 10
left_child=2 5 -1 19 26 6 7 -2 -9 13 -11 -12 14 18 15 -13 -15 -8 -4 -3 -21 23 -7 -22 -6 -26 27 28 -5 -28
right_child=1 3 9 4 24 22 17 8 -10 10 11 12 -14 16 -16 -17 -18 -19 -20 20 21 -23 -24 -25 25 -27 29 -29 -30 -31
leaf_value=2.0878850218122538 -0.19260390951266237 0.8816317150206292 -0.60813001394780963 -0.43248861048792553 -0.53325066470582672 -0.31274001127496476 2.9824034200516074 -0.49433730795794689 0.12246828064116184 -1.765499503413932 0.42307222824917545 -2.9223599282131292 1.1060642344075404 -0.45955125392220175 3.2074949165912301 -2.5032244320822032 1.7261402813554398 -0.026680569152409461 0.03776156381458811 1.4097318555944924 -0.09316250835718165 4.2724883830941058 -1.0353175982395151 -2.9474386445855978 0.44113005213012574 -1.316108899773812 -1.6730736080925219 -5.2781477786462778 3.2011971985340395 1.9547017925688182
leaf_weight=28 33 56 43 27 278 308 28 46 29 46 223 80 57 28 26 21 131 66 73 25 37 20 103 24 40 30 20 24 20 127
leaf_count=28 33 56 43 27 278 308 28 46 29 46 223 80 57 28 26 21 131 66 73 25 37 20 103 24 40 30 20 24 20 127
internal_value=-0.00441106 -0.00773501 0.00156658 -0.00398352 -0.00671378 -0.0123165 -0.00445545 -0.0138889 -0.006 0.000549451 -0.00298013 -0.000614251 -0.00815217 0.00636364 -0.0153543 -0.0212871 0.0127219 0.00638298 -0.0031746 0.00555556 -0.000943396 -0.00802469 -0.01618 -0.0155738 -0.0114525 0 0.00131579 -0.00915493 0.00319149 0.00646259
internal_weight=2097 1341 756 728 566 613 202 108 75 728 453 407 184 275 127 101 159 94 116 162 106 81 411 61 348 70 218 71 47 147
internal_count=2097 1341 756 728 566 613 202 108 75 728 453 407 184 275 127 101 159 94 116 162 106 81 411 61 348 70 218 71 47 147
cat_boundaries=0 2 4 6
cat_threshold=70001160 252446 1107443733 1281 69206016 100360
is_linear=0
shrinkage=0.05


Tree=80
num_leaves=31
num_cat=0
split_feature=0 0 12 0 13 17 1 11 8 0 7 12 7 5 11 3 6 3 12 1 1 12 11 17 17 3 3 17 0 0
split_gain=6.50385 6.00691 9.81071 4.40406 6.25525 5.8196 5.22053 6.5247 10.2165 8.84892 7.77082 7.54972 7.02667 5.74318 4.9 4.75152 6.67051 4.8661 4.31551 4.14828 3.87813 3.81688 3.77778 3.65131 9.51261 6.02661 7.4866 6.61038 4.9066 4.06057
threshold=186.50000000000003 159.50000000000003 97.888488256434712 276.50000000000006 824.50000000000011 46.500000000000007 48.500000000000007 368.20833333333343 413.62500000000006 457.50000000000006 449.50000000000006 134.67968435554161 795.50000000000011 358.87500000000006 321.04166666666669 124.50000000000001 125.06231182779136 355.50000000000006 156.93489265633193 381.50000000000006 210.50000000000003 283.7418250398942 305.29166666666669 29.500000000000004 25.500000000000004 242.50000000000003 678.00000000000011 21.500000000000004 1229.5000000000002 918.00000000000011
decision_type=10 10 10 10 10 2 8 8 8 8 10 10 10 10 10 8 8 8 10 10 10 10 10 2 2 10 10 2 10 10
left_child=1 -1 -3 4 15 6 21 9 19 10 11 -8 22 -12 -15 -2 -17 -18 -13 20 -9 -5 -11 24 25 -10 29 -28 -25 -27
right_child=3 2 -4 5 -6 -7 7 8 23 12 13 18 -14 14 -16 16 17 -19 -20 -21 -22 -23 -24 28 -26 26 27 -29 -30 -31
leaf_value=-0.1367408303439954 -1.5944076830498404 0.72068556617058244 -1.6817901395604282 -0.51153087418611565 2.7191848235363949 17.996440582041856 -0.94266080311225842 -1.3564750268676917 1.8455201522867526 2.678929351840897 0.572976365097145 1.4965522225261283 -0.65630954507903427 -2.1546295720255153 -0.40017598120277004 0.78547519621763806 -1.5474003803867078 0.33945655080366777 0.041511157290861439 -1.0399916630210571 -0.86629286693393803 -3.2054664732711311 1.8084672259116132 -1.1298176983670432 5.1401670935465749 -1.1373703036639029 2.2178389784001182 -4.0519351053513617 1.0507610226871635 -4.4454110009566348
leaf_weight=864 33 20 57 37 56 34 27 23 87 36 29 22 25 20 20 58 33 41 25 33 33 27 32 185 49 49 50 21 39 20
leaf_count=864 33 20 57 37 56 34 27 23 87 36 29 22 25 20 20 58 33 41 25 33 33 27 32 185 49 49 50 21 39 20
internal_value=-0.00366906 -0.00674814 -0.0201299 -0.00113636 0.00520362 -0.00265439 -0.00343082 -0.00236364 -0.00517827 0.00466102 -0.00314685 0.00810811 0.0166667 -0.0152174 -0.0275 0.00030303 0.00454545 -0.00540541 0.0202128 -0.0207865 -0.0125 -0.0171875 0.025 -0.0024 0.00144928 -0.00286344 -0.00928571 0.00211268 -0.00714286 -0.0210145
internal_weight=2085 941 77 1144 221 923 889 825 589 236 143 74 93 69 40 165 132 74 47 89 56 64 68 500 276 227 140 71 224 69
internal_count=2085 941 77 1144 221 923 889 825 589 236 143 74 93 69 40 165 132 74 47 89 56 64 68 500 276 227 140 71 224 69
is_linear=0
shrinkage=0.05


Tree=81
num_leaves=31
num_cat=0
split_feature=17 0 0 0 17 0 3 11 8 6 11 9 13 16 9 16 4 8 8 8 0 17 0 11 9 13 3 10 4 9
split_gain=7.33339 6.00678 6.65216 6.09195 6.52005 5.20064 5.10587 4.97158 5.93997 4.74924 5.09344 4.27014 4.21075 4.611 5.98033 3.57365 6.36672 3.33866 8.14989 5.62607 4.42752 5.4744 4.97664 3.658 8.34483 4.53945 5.36646 6.19763 5.22704 4.9
threshold=51.500000000000007 866.00000000000011 789.00000000000011 1180.0000000000002 43.500000000000007 1229.5000000000002 929.50000000000011 1095.8750000000002 891.43750000000011 41.038588412717665 617.54166666666686 119.52726821248824 472.00000000000006 4.660560973363487 4.1262491899130938 1.9050454857864925 194.50000000000003 567.25000000000011 516.31250000000011 651.31250000000011 618.50000000000011 27.500000000000004 556.50000000000011 456.83333333333343 216.27651231698533 843.00000000000011 678.00000000000011 956.00000000000011 620.50000000000011 251.65407353662292
decision_type=2 8 10 8 2 10 10 10 10 8 10 10 10 8 10 8 8 10 10 10 10 2 8 10 10 10 10 10 10 10
left_child=1 2 7 6 15 -6 -3 8 9 11 17 12 13 -1 -15 -5 -17 18 20 -19 22 -22 23 25 -25 28 27 29 -11 -27
right_child=-2 3 -4 4 5 -7 -8 -9 -10 10 -12 -13 -14 14 -16 16 -18 19 -20 -21 21 -23 -24 24 -26 26 -28 -29 -30 -31
leaf_value=-0.16791244140218439 -0.21359381979144235 4.2382219376478529 -3.0632361695794104 -4.2544761664825135 0.45160151922912495 44.415874179338132 -0.61588878665037905 -0.95760535174968275 0.63573955187777198 -0.053642491420745841 -1.8888999876284125 -0.50043887989361335 0.47694407428616226 -0.35356406100709692 0.47351015393399543 -2.541411889222533 0.18846379160775087 6.6802387425716239 -1.4786665107248411 -0.84596859844285177 -0.021544791365820971 5.6326160595645494 -1.4334946328543232 -0.27313828849596294 5.3844485251843324 -0.20438831186882994 -2.2627448460960724 0.30121898887365434 1.2770421147672366 -3.4975311953803563
leaf_weight=56 82 69 42 26 87 20 21 22 54 775 99 49 22 95 27 24 38 43 45 23 43 30 32 29 29 40 23 66 32 32
leaf_count=56 82 69 42 26 87 20 21 22 54 775 99 49 22 95 27 24 38 43 45 23 43 30 32 29 29 40 23 66 32 32
internal_value=-0.00363855 -0.00303562 -0.00415691 0.00368421 -0.00128205 0.00700935 0.0144444 -0.00366146 -0.0033455 -0.00389937 -0.00272185 -0.010241 -0.007 -0.00955056 -0.00409836 -0.0113636 -0.00483871 -0.00185185 -0.00246599 0.00909091 -0.00163572 0.010274 -0.00245747 -0.00185185 0.0103448 -0.00258264 -0.0102484 -0.00652174 -0.00105328 -0.0166667
internal_weight=2075 1993 1708 285 195 107 90 1666 1644 1590 1341 249 200 178 122 88 62 1242 1176 66 1131 73 1058 1026 58 968 161 138 807 72
internal_count=2075 1993 1708 285 195 107 90 1666 1644 1590 1341 249 200 178 122 88 62 1242 1176 66 1131 73 1058 1026 58 968 161 138 807 72
is_linear=0
shrinkage=0.05


Tree=82
num_leaves=31
num_cat=0
split_feature=2 8 6 6 9 2 13 17 13 2 13 1 12 2 8 8 9 2 12 2 9 9 0 5 6 2 2 6 3 5
split_gain=9.60138 7.85534 8.29077 5.89692 5.33394 5.21733 7.33779 10.1449 11.5188 6.3888 11.3465 5.48571 4.93615 7.95922 7.093 6.6372 4.8183 8.03603 7.33333 4.65266 4.96943 5.92894 5.49129 4.53871 6.62497 5.63003 5.12368 6.74437 4.92283 7.64399
threshold=29.500000000000004 893.37500000000011 926.07355493571083 60.681402581354014 311.06613154210658 576.50000000000011 1495.0000000000002 10.500000000000002 1782.0000000000002 665.00000000000011 1019.5000000000001 323.50000000000006 178.55308488026125 545.50000000000011 413.62500000000006 371.06250000000006 394.6450163782925 1321.5000000000002 338.38261831763208 449.50000000000006 104.35567594899143 92.811582905808862 207.50000000000003 1173.5000000000002 307.31856749354046 244.50000000000003 265.50000000000006 346.38844404594596 477.50000000000006 1027.0000000000002
decision_type=10 8 10 10 8 10 8 2 10 10 8 10 10 10 10 10 10 10 10 10 10 10 10 8 10 10 10 10 10 10
left_child=-1 2 3 -2 -3 6 12 -8 -9 10 -7 -10 14 -14 15 19 18 -18 -11 20 21 22 -5 24 25 -6 -25 -28 -26 -30
right_child=1 4 -4 5 23 9 7 8 11 16 -12 -13 13 -15 -16 -17 17 -19 -20 -21 -22 -23 -24 26 28 -27 27 -29 29 -31
leaf_value=-0.17896508044898518 -0.39239511100212782 6.5294497661607922 -2.4901457348943508 0.68494445497466083 -0.046220883874843827 -0.0096691824964921132 -0.35536779179897454 5.3205965974345482 0.53406422970421552 -0.36335999961661969 -2.7292108147488392 -4.9638402146126559 -0.53379063765498247 3.0004177321354164 2.3529794052343518 -0.6698098358622957 5.660313272501404 -2.6014023050706556 -2.9003801568513712 -1.0139335911032645 0.41310105700074473 -1.237794357857962 -0.80158609186380692 2.6765790338075366 -2.5660766790913585 2.5068505125215128 -1.1383467761269856 2.7027966088017821 6.2961408480309391 -1.8496953595294827
leaf_weight=584 130 24 26 27 33 35 60 67 28 108 30 20 327 20 24 21 40 29 24 27 161 27 24 24 27 38 23 36 33 23
leaf_count=584 130 24 26 27 33 35 60 67 28 108 30 20 327 20 24 21 40 29 24 27 161 27 24 24 27 38 23 36 33 23
internal_value=-0.00328571 -0.00118734 -0.00282869 -0.00223759 0.00670498 -0.00104641 0.00090036 0.01 0.0186957 -0.00714286 -0.0207692 0 -0.00151976 -0.0056196 0.00305466 0.00087108 -0.00273632 0.00797101 -0.00833333 0.00300752 0.00523013 -0.00512821 0.00490196 0.00443038 -0.000649351 0.0105634 0.0138554 0.0059322 -0.010241 -0.00178571
internal_weight=2100 1516 1255 1229 261 1099 833 175 115 266 65 48 658 347 311 287 201 69 132 266 239 78 51 237 154 71 83 59 83 56
internal_count=2100 1516 1255 1229 261 1099 833 175 115 266 65 48 658 347 311 287 201 69 132 266 239 78 51 237 154 71 83 59 83 56
is_linear=0
shrinkage=0.05


Tree=83
num_leaves=31
num_cat=0
split_feature=17 10 13 0 3 9 9 16 3 3 3 16 3 1 3 6 0 0 8 8 3 16 1 12 17 8 14 16 2 2
split_gain=5.26003 3.85222 12.8113 6.17476 5.98336 4.58009 5.16731 4.22383 4.31473 5.7401 5.45974 4.73614 6.44144 7.5655 6.42163 5.12 4.67472 6.89615 4.12857 4.06783 3.93365 7.37493 7.05726 5.80639 6.6371 3.91621 6.62743 3.89287 3.83734 3.83449
threshold=51.500000000000007 1461.0000000000002 1770.0000000000002 590.00000000000011 876.00000000000011 362.41341047956422 251.65407353662292 1.4777505907752662 103.50000000000001 120.50000000000001 86.500000000000014 1.7377831319871813 378.50000000000006 520.00000000000011 187.50000000000003 151.25678894528912 712.00000000000011 445.50000000000006 250.62500000000003 1239.3750000000002 35.500000000000007 5.1733786368109334 143.50000000000003 136.17283665665502 26.500000000000004 8.8125000000000018 inf 3.1780456282562626 1026.5000000000002 180.50000000000003
decision_type=2 10 8 10 10 10 10 8 8 8 10 8 10 10 10 10 10 10 8 10 10 8 10 10 2 8 8 10 10 10
left_child=1 4 3 -3 7 6 -6 -1 10 -10 16 12 14 15 -11 -14 17 20 -12 -4 21 23 -22 27 -25 26 -23 -9 -5 -21
right_child=-2 2 19 28 5 -7 -8 8 9 11 18 -13 13 -15 -16 -17 -18 -19 -20 29 22 25 -24 24 -26 -27 -28 -29 -30 -31
leaf_value=-0.48544428032285936 -0.21455058656150411 6.6510379761791683 -0.81455945425450982 -0.048364773789089099 -0.65310905607805125 0.12979677057064976 -1.5450542861992547 -0.25086754332127253 1.3905673436090078 -0.43062061698841564 -2.0251724320053555 -0.1067474617166127 -0.7295806535459306 1.8023248524389262 1.9486343297761666 -2.47397330868194 -1.8624598503007577 4.2111775539727434 -1.9221857682504238 -0.31450283495682574 2.2724921704834942 0.20422770635477716 -0.24474089342184868 3.0154711609641325 -0.5992180856407856 -0.12041057113934335 -0.43322822451683252 -0.71313295993568282 5.9813338056293901 1.6329852556949476
leaf_weight=110 82 44 171 62 27 21 29 26 28 34 24 848 25 41 89 25 22 20 21 21 48 41 35 23 25 68 26 43 23 22
leaf_count=110 82 44 171 62 27 21 29 26 28 34 24 848 25 41 89 25 22 20 21 21 48 41 35 23 25 68 26 43 23 22
internal_value=-0.00343691 -0.0029383 0.00189504 0.0143411 -0.00391407 -0.0175325 -0.025 -0.00326757 -0.00257937 -0.000917431 -0.00687204 -0.00150659 0.00514019 -0.00494505 0.0126016 -0.018 -0.00490716 -0.00352113 -0.0233333 -0.00560748 -0.00522388 -0.00833333 0.00421687 -0.0175214 -0.00416667 -0.00037037 0.00820896 -0.0268116 0.00647059 0.00813953
internal_weight=2124 2042 343 129 1699 77 56 1622 1512 1090 422 1062 214 91 123 50 377 355 45 214 335 252 83 117 48 135 67 69 85 43
internal_count=2124 2042 343 129 1699 77 56 1622 1512 1090 422 1062 214 91 123 50 377 355 45 214 335 252 83 117 48 135 67 69 85 43
is_linear=0
shrinkage=0.05


Tree=84
num_leaves=31
num_cat=4
split_feature=20 1 20 4 0 0 0 20 2 2 16 2 12 2 4 17 17 11 0 11 9 9 4 2 4 7 6 20 1 4
split_gain=17.0458 8.73727 9.05572 6.81812 6.81293 6.90794 11.6092 6.33277 6.31703 9.07897 5.77107 5.3389 5.18696 5.57029 5.58113 5.0931 18.877 6.53943 9.30769 4.98747 4.8 4.32175 5.39229 5.10294 4.71101 5.83834 10.3689 5.20488 6.62957 6.80152
threshold=0 132.50000000000003 1 144.50000000000003 77.500000000000014 107.50000000000001 132.50000000000003 2 217.50000000000003 372.50000000000006 3.4648709907400161 565.00000000000011 312.82235600211976 675.50000000000011 194.50000000000003 29.500000000000004 22.500000000000004 380.70833333333343 368.50000000000006 208.41666666666671 193.30645061960561 4.1262491899130938 24.500000000000004 17.500000000000004 55.000000000000007 338.50000000000006 62.72772600836867 3 691.50000000000011 876.00000000000011
decision_type=1 10 1 8 10 10 8 1 8 8 8 10 10 10 10 2 2 10 10 10 10 8 8 10 8 8 10 1 8 10
left_child=21 2 3 10 -3 -6 -7 8 -8 20 -2 -4 13 14 -11 16 -9 18 -17 -5 -10 -1 23 -23 -24 26 -26 28 -27 -30
right_child=1 4 11 19 5 6 7 15 9 12 -12 -13 -14 -15 -16 17 -18 -19 -20 -21 -22 22 24 -25 25 27 -28 -29 29 -31
leaf_value=-0.29128095593750869 -2.6118373088525844 -0.96870857756920548 -0.86849264776366253 -0.080145970432414851 1.2397850117099267 -3.8811538128860379 0.55887595836053594 -0.30002384127443804 -1.0846788795168323 -4.4326491558510295 -0.088341646823507897 -3.3952130302720733 -3.5860415881742771 2.5233509600603243 0.23099648861731056 -0.27202610577508185 3.9509325999103524 -0.66501485106462332 5.6910378246645585 0.77135465632390388 -2.0724354269254293 -0.009364576099798105 -1.0215598102759018 1.1077632888782938 -0.052008485305339039 -0.13685152036383672 1.9433194079843306 -0.22087519582985352 3.5902165698980357 -2.309332561721638
leaf_weight=21 31 69 248 108 35 28 67 113 20 20 61 20 22 26 38 26 66 103 26 41 40 41 22 60 67 124 53 371 80 30
leaf_count=21 31 69 248 108 35 28 67 113 20 20 61 20 22 26 38 26 66 103 26 41 40 41 22 60 67 124 53 371 80 30
internal_value=-0.00440539 -0.00821018 -0.0132613 -0.00537849 -0.0046495 -0.00301587 -0.00428571 -0.00273369 -0.00884774 -0.0144578 -0.0163043 -0.0194245 -0.00566038 0 -0.00862069 0.00174419 0.0075419 -0.00483871 0.00961538 0.00100671 -0.03 0.000967008 0.00153302 0.0123762 6.69344e-05 0.000758621 0.0108333 -0.00123967 0.0045082 0.0136364
internal_weight=2077 1208 509 241 699 630 595 567 233 166 92 268 106 84 58 334 179 155 52 149 60 869 848 101 747 725 120 605 234 110
internal_count=2077 1208 509 241 699 630 595 567 233 166 92 268 106 84 58 334 179 155 52 149 60 869 848 101 747 725 120 605 234 110
cat_boundaries=0 2 4 6 8
cat_threshold=621875944 162470 2292752644 1032 2150540304 16 83890176 159744
is_linear=0
shrinkage=0.05


Tree=85
num_leaves=31
num_cat=5
split_feature=20 17 12 1 20 16 20 2 17 20 7 9 12 2 2 1 7 20 11 1 11 17 2 16 10 2 11 16 12 7
split_gain=21.1484 7.81108 7.28559 7.80762 11.1024 5.88883 6.26009 5.73822 7.04602 9.90877 6.8803 7.38591 5.89091 5.2303 6.21109 5.00923 5.0037 4.8048 8.15128 5.55556 4.71464 10.325 5.49937 4.8351 4.59864 4.58301 4.47498 4.52287 4.46693 7.01978
threshold=0 52.500000000000007 3.4744736324736185 1045.5000000000002 1 2.190830935489656 2 139.50000000000003 43.500000000000007 3 752.00000000000011 261.03741941430468 199.74637055118083 537.00000000000011 199.50000000000003 603.00000000000011 1303.0000000000002 4 305.29166666666669 242.50000000000003 622.41666666666686 26.500000000000004 275.50000000000006 1.7083802936648971 935.00000000000011 172.50000000000003 1064.0000000000002 7.5320574305428369 93.604654114178885 420.50000000000006
decision_type=1 2 8 10 1 8 1 10 2 1 8 8 10 10 10 10 10 1 8 8 8 2 10 10 8 10 10 10 10 10
left_child=5 2 -2 4 16 20 -7 17 9 -9 11 13 -10 14 -11 24 -4 18 -6 -19 22 -22 25 -24 -12 -1 27 -8 -16 -30
right_child=1 -3 3 -5 7 6 26 8 12 10 15 -13 -14 -15 28 -17 -18 19 -20 -21 21 -23 23 -25 -26 -27 -28 -29 29 -31
leaf_value=0.010165929757599203 -0.39968230496248691 -0.55321854544461957 3.1150191956682991 -1.8700969290371803 0.060617360996941733 -1.5112841678106952 -0.20022441761832965 0.13710434106027947 2.5912908171678399 0.40513783092563643 0.011635311539814099 1.976366700181496 0.90013316678839039 0.24684058426345673 -1.182675571697942 -4.7577995122720429 0.041508992960802973 0.1268184286814697 3.4731731226879017 -0.50712723640710533 1.046382974378878 -5.6537225486818068 -0.3918624593564623 1.3442775698283527 -1.1832150018374392 -0.7461909537855661 -1.3255663969688227 0.13860304447769053 0.051535053507723208 -1.3437156972656084
leaf_weight=57 22 23 67 79 44 109 567 231 30 29 21 26 36 22 23 20 35 81 60 81 29 30 36 85 28 47 22 26 41 69
leaf_count=57 22 23 67 79 44 109 567 231 30 29 21 26 36 22 23 20 35 81 60 81 29 30 36 85 28 47 22 26 41 69
internal_value=-0.00438343 0.000556586 0.00119617 0.00180841 0.00307203 -0.00952849 -0.0120166 0.00105634 -0.00173611 -0.00372549 -0.00986159 -0.00571429 0.0136364 -0.00923913 -0.0123457 -0.023913 0.0178571 0.00714286 0.0149123 0.00116279 -0.00352113 -0.0161017 -0.000222222 0.00702479 -0.0153061 -0.00865385 -0.00952 -0.00885329 -0.0169173 -0.0127273
internal_weight=2076 1068 1045 1023 944 1008 724 842 576 510 279 210 66 184 162 69 102 266 104 162 284 59 225 121 49 104 615 593 133 110
internal_count=2076 1068 1045 1023 944 1008 724 842 576 510 279 210 66 184 162 69 102 266 104 162 284 59 225 121 49 104 615 593 133 110
cat_boundaries=0 2 4 6 8 10
cat_threshold=1198146987 102857 512 147488 1073872898 65536 537231440 532 142651392 8194
is_linear=0
shrinkage=0.05


Tree=86
num_leaves=31
num_cat=0
split_feature=4 4 3 9 7 0 6 8 3 3 3 3 9 1 0 10 0 9 3 7 11 0 0 17 7 11 3 0 3 3
split_gain=7.88335 10.7945 5.99834 6.1529 5.75883 6.64012 5.82164 5.75253 5.37934 5.09796 7.10654 6.68325 5.05556 4.96487 6.83433 4.8471 4.55005 4.50932 4.06255 5.97954 6.01383 3.96814 6.81051 3.81952 3.80989 7.39052 4.22777 5.24584 3.4137 3.76792
threshold=235.50000000000003 180.50000000000003 108.50000000000001 215.26387069861923 544.00000000000011 198.50000000000003 174.69294385105079 891.43750000000011 876.00000000000011 551.50000000000011 423.50000000000006 683.50000000000011 155.43449890012053 135.50000000000003 22.500000000000004 789.00000000000011 162.50000000000003 256.90238403562881 134.50000000000003 398.50000000000006 412.04166666666669 576.50000000000011 409.50000000000006 37.500000000000007 870.00000000000011 691.87500000000011 1071.5000000000002 758.50000000000011 596.50000000000011 433.50000000000006
decision_type=8 10 8 8 8 8 10 10 10 8 10 8 10 10 10 10 10 10 10 10 10 10 10 2 8 8 10 10 10 10
left_child=1 7 3 12 6 -6 15 8 -1 10 21 -11 -2 14 -5 28 -8 -15 -3 -20 -21 22 -7 -23 -13 -26 27 -27 29 -4
right_child=2 18 4 13 5 9 16 -9 -10 11 -12 24 -14 17 -16 -17 -18 -19 19 20 -22 23 -24 -25 25 26 -28 -29 -30 -31
leaf_value=-0.079714653802916757 -0.80645150063554338 1.412200652108885 0.024838871877265946 -0.045038345928332862 -1.0085737961901515 -0.16834719126578079 1.0964065291160523 1.0169501452593395 -0.88053382633502797 2.7984193188622579 -1.2500858006196893 -1.2673285580926974 -1.9155742130161295 6.3280516555785313 -3.2717643503852991 -1.2336209497531536 -0.018382661363305176 -0.93654704252117549 -0.98181563735678878 3.1980434028269431 -0.165514165146773 -1.8702767901392747 4.3526887566255086 0.49123299870290182 8.1611947847069697 -0.147746908032484 -1.6893976918248228 2.932877086330234 1.0231879760069773 -2.3097655968337167
leaf_weight=585 39 23 194 36 149 41 23 36 31 42 71 44 24 21 28 36 20 25 22 47 24 59 24 24 26 215 50 59 20 31
leaf_count=585 39 23 194 36 149 41 23 36 31 42 71 44 24 21 28 36 20 25 22 47 24 59 24 24 26 215 50 59 20 31
internal_value=-0.00427743 -0.000260417 -0.00664873 -0.0153179 -0.00531915 -0.00758706 0.000308642 -0.00276074 -0.0038961 -0.00541985 -0.0116438 -0.00229358 -0.0277778 -0.00818182 -0.0171875 -0.00231317 0.0174419 0.00434783 0.0137931 0.00913978 0.0161972 -0.00540541 0.00384615 -0.0126506 -0.00431472 -0.00257143 -0.00462963 -0.00218978 0.000204082 -0.00155556
internal_weight=2069 768 1301 173 1128 804 324 652 616 655 219 436 63 110 64 281 43 46 116 93 71 148 65 83 394 350 324 274 245 225
internal_count=2069 768 1301 173 1128 804 324 652 616 655 219 436 63 110 64 281 43 46 116 93 71 148 65 83 394 350 324 274 245 225
is_linear=0
shrinkage=0.05


Tree=87
num_leaves=31
num_cat=2
split_feature=20 17 0 20 17 7 9 9 12 6 2 1 17 1 1 7 16 17 3 0 0 2 12 16 16 2 9 11 0 9
split_gain=14.6676 7.54905 7.24513 6.02562 7.56145 9.0339 6.81438 9.15342 6.78125 5.84583 7.19726 5.38462 8.80457 4.90618 9.81409 9.87569 9.05299 8.86521 7.88673 7.75188 5.97532 6.0269 5.29241 4.84155 5.76732 4.50245 7.11091 6.36684 5.55556 5.44444
threshold=0 8.5000000000000018 1.5000000000000002 1 12.500000000000002 1511.5000000000002 293.36015533016422 261.03741941430468 330.4255303135011 242.45032478506997 126.50000000000001 255.50000000000003 37.500000000000007 242.50000000000003 355.50000000000006 449.50000000000006 1.803319110558512 42.500000000000007 417.50000000000006 334.50000000000006 224.50000000000003 426.50000000000006 1415.1620247096018 2.4896243536340728 2.9171937304169053 115.50000000000001 17.843849325270856 278.41666666666669 361.00000000000006 195.23407310799647
decision_type=1 2 10 1 2 10 10 10 10 10 10 10 2 8 10 8 8 2 10 10 10 8 10 8 8 10 10 8 10 10
left_child=1 2 -1 6 -5 -6 7 25 -8 10 -4 -10 -13 16 18 -16 19 22 -15 -2 21 -17 -18 -22 -25 26 -3 -27 29 -29
right_child=13 3 9 4 5 -7 8 -9 11 -11 -12 12 -14 14 15 20 17 -19 -20 -21 23 -23 -24 24 -26 27 -28 28 -30 -31
leaf_value=-0.88560391699113605 3.763850903652886 -0.13853301927406919 -2.0235212945572032 0.68408074010839859 -0.33730605476644399 5.8198703461439951 -2.4947467852061993 2.074704842363849 -1.9552973679378185 -2.8734098167035245 2.0982930229337824 1.0785337102511789 -2.270365310810992 -0.18107744996759934 2.8978969755279169 -0.63209746401870892 0.035346194925513517 -0.8888076129778274 -2.7844599132273631 -0.2374725285724118 -0.015247909152560624 0.11736107079856879 0.1720403200186206 14.654438285477827 0.31478616269279058 -1.3863001249521005 1.4525823429655291 -0.17761913967929105 -0.50968518500413607 3.1748488921080451
leaf_weight=39 37 74 67 34 335 52 51 23 26 21 20 37 28 202 27 53 328 36 41 24 220 26 25 22 42 42 32 25 75 20
leaf_count=39 37 74 67 34 335 52 51 23 26 21 20 37 28 202 27 53 328 36 41 24 220 26 25 22 42 42 32 25 75 20
internal_value=-0.00383877 -0.00816024 -0.0187075 -0.00644028 -0.00197216 -0.00400517 -0.0104966 -0.00635739 -0.0197183 -0.012037 -0.00632184 -0.0115385 -0.00384615 0.000228728 -0.00260664 0.00230769 0.00422222 0.00141388 -0.0104938 0.0221311 0.000137741 -0.0120253 0.00382436 0.00352113 0.015625 -0.00895522 -0.000943396 -0.0141975 -0.00833333 0.00555556
internal_weight=2084 1001 147 854 421 387 433 291 142 108 87 91 65 1083 633 390 450 389 243 61 363 79 353 284 64 268 106 162 120 45
internal_count=2084 1001 147 854 421 387 433 291 142 108 87 91 65 1083 633 390 450 389 243 61 363 79 353 284 64 268 106 162 120 45
cat_boundaries=0 2 4
cat_threshold=1230931998 71658 134645762 69738
is_linear=0
shrinkage=0.05


Tree=88
num_leaves=31
num_cat=2
split_feature=20 9 20 5 8 2 1 1 12 1 7 4 4 3 3 0 2 8 8 3 5 3 2 0 8 7 8 0 7 5
split_gain=18.027 6.91137 5.51392 8.31006 8.39956 5.39746 4.99719 9.21837 5.67911 8.03473 4.62816 6.76034 4.58767 4.47241 6.10694 6.89461 5.33981 5.15789 4.43475 4.09819 4.40958 9.57295 8.31716 5.91809 6.35286 4.85359 4.24808 3.66288 3.58929 7.83095
threshold=0 17.843849325270856 1 1010.2500000000001 960.00000000000011 866.00000000000011 223.50000000000003 365.50000000000006 352.41625833289572 545.50000000000011 581.50000000000011 1762.5000000000002 132.50000000000003 247.00000000000003 111.50000000000001 253.50000000000003 816.50000000000011 384.18750000000006 403.75000000000006 394.50000000000006 154.00000000000003 29.500000000000004 288.50000000000006 192.50000000000003 218.25000000000003 289.50000000000006 323.62500000000006 198.50000000000003 1961.0000000000002 835.62500000000011
decision_type=1 8 1 8 10 8 10 10 8 10 10 8 10 10 10 10 10 10 10 10 10 10 10 10 10 10 8 10 10 10
left_child=10 -2 3 4 6 -5 12 -8 9 -9 18 13 -3 14 15 -12 17 -15 19 20 25 -22 23 -23 -25 -1 -21 -24 29 -4
right_child=1 2 28 5 -6 -7 7 8 -10 -11 11 -13 -14 16 -16 -17 -18 -19 -20 26 21 22 27 24 -26 -27 -28 -29 -30 -31
leaf_value=-0.1301698268437487 -0.38903756637384018 0.11100802332898781 -0.093264819916774405 -1.5225698563564887 16.507724241834591 -0.013385600317708619 -1.8593965884537695 1.4290563874872761 6.0973304460245972 -1.8608843589917079 0.60002393011207822 -3.794539430153661 2.4258296143546434 -0.80845014576247964 0.22745543863550283 -2.1594881504135754 -0.090850820225013257 -3.8197376271405776 0.24208876841246704 -1.1420542426922666 2.5184140558798136 0.18635888738846804 -0.84294022288943649 -0.94250294913022403 0.036966797616488377 -3.0712010890415637 -0.15891204912668144 -0.25585267927468464 2.4999266066895189 -3.3306923001035758
leaf_weight=253 62 55 874 20 21 86 39 27 28 28 31 20 29 24 33 36 22 57 30 32 23 37 20 23 30 31 20 26 44 48
leaf_count=253 62 55 874 20 21 86 39 27 28 28 31 20 29 24 33 36 22 57 30 32 23 37 20 23 30 31 20 26 44 48
internal_value=-0.00490754 -0.00142232 -0.000654349 0.0048105 0.0103524 -0.00660377 0.00728155 0.000819672 0.010241 0.000909091 -0.0110818 -0.0172646 0.0166667 -0.014532 -0.007 -0.0156716 -0.0218447 -0.0277778 -0.00866667 -0.00979798 -0.00823928 -0.00157233 -0.00661765 0.00222222 -0.00849057 -0.0119718 -0.0230769 -0.023913 -0.00256148 -0.0032538
internal_weight=2109 1361 1299 333 227 106 206 122 83 55 748 223 84 203 100 67 103 81 525 495 443 159 136 90 53 284 52 46 966 922
internal_count=2109 1361 1299 333 227 106 206 122 83 55 748 223 84 203 100 67 103 81 525 495 443 159 136 90 53 284 52 46 966 922
cat_boundaries=0 2 4
cat_threshold=175280386 68074 3774874240 163856
is_linear=0
shrinkage=0.05


Tree=89
num_leaves=31
num_cat=4
split_feature=20 1 11 4 6 17 11 20 9 17 6 11 9 17 7 20 1 4 2 4 4 0 9 11 0 0 12 2 6 20
split_gain=15.7021 7.35613 7.49594 6.53445 5.29938 6.4823 5.23199 6.66787 9.99808 7.12817 6.08474 5.37398 4.98701 4.55111 4.42546 7.64858 7.07152 7.12883 6.45787 4.97985 7.00101 7.48896 4.21552 5.49465 6.11217 4.11429 5.13676 3.94036 3.60501 6.56826
threshold=0 1208.0000000000002 966.20833333333337 1303.0000000000002 7.0237290853110528 10.500000000000002 1058.7083333333335 1 92.811582905808862 51.500000000000007 41.038588412717665 158.08333333333334 107.87337281468653 19.500000000000004 458.00000000000006 2 305.50000000000006 376.50000000000006 9.5000000000000018 147.50000000000003 255.50000000000003 679.50000000000011 53.185359459777494 252.00000000000003 186.50000000000003 100.50000000000001 173.23589820914049 6.5000000000000009 137.54846776394564 3
decision_type=1 10 10 10 8 2 10 1 8 2 8 8 10 2 8 1 10 10 8 8 8 8 10 10 10 10 8 10 8 1
left_child=4 3 -3 6 5 -1 7 8 13 10 12 -12 -9 -2 16 19 17 22 -17 -16 -21 -22 27 24 25 26 -24 -6 29 -13
right_child=1 2 -4 -5 14 -7 -8 9 -10 -11 11 28 -14 -15 15 18 -18 -19 -20 20 21 -23 23 -25 -26 -27 -28 -29 -30 -31
leaf_value=-0.4555908271545166 0.078683120309793311 -0.18693809502870806 -3.8673609377262865 9.7050349349793095 2.3273725912412004 -0.18072358510395412 -0.89010054767302449 -0.35573353932959284 0.17842829910456759 -0.3551485656319644 -1.3565217908733402 -0.42307323367793193 -0.74966583383201457 -0.49628495757315916 -1.9959769711803945 4.1388175245807819 1.3576035681129128 -1.349788739882972 -0.44363940162711091 0.79879446996096704 -1.675087175391039 0.10055752343796238 0.046218497069385481 0.32858645209615533 0.0967901201142361 -1.8874240714568957 -0.81957344069788762 -0.11787572626958252 -0.03997584628203299 0.81507143354749878
leaf_weight=34 20 37 22 30 21 47 23 33 84 42 20 100 21 25 62 21 39 35 288 27 93 38 23 41 28 35 22 33 620 143
leaf_count=34 20 37 22 30 21 47 23 33 84 42 20 100 21 25 62 21 39 35 288 27 93 38 23 41 28 35 22 33 620 143
internal_value=-0.00429521 -0.000569106 -0.0177966 0.000301464 -0.00930881 -0.0216049 -0.000309461 0.000180505 0.0104317 -0.0012639 -0.000373533 0.000622877 -0.0166667 -0.00777778 -0.00818859 -0.0108696 -0.00306859 -0.00630252 -0.00517241 -0.0178261 -0.0139241 -0.0187023 -0.00270936 -0.00704698 -0.012963 -0.02 -0.01 0.00925926 0.00121669 0.0063786
internal_weight=2107 1220 59 1161 887 81 1131 1108 129 979 937 883 54 45 806 529 277 238 309 220 158 131 203 149 108 80 45 54 863 243
internal_count=2107 1220 59 1161 887 81 1131 1108 129 979 937 883 54 45 806 529 277 238 309 220 158 131 203 149 108 80 45 54 863 243
cat_boundaries=0 2 4 6 8
cat_threshold=1777388582 2296 896 2 677382178 2176 33566800 257
is_linear=0
shrinkage=0.05


Tree=90
num_leaves=31
num_cat=3
split_feature=20 0 0 11 4 13 5 5 4 14 4 17 17 3 20 0 6 4 0 2 4 4 6 9 13 2 0 7 2 20
split_gain=15.1002 5.93744 11.9299 9.66092 8.63591 7.65794 7.36364 6.47221 4.76495 4.44363 5.80643 4.00554 4.56877 3.81859 6.56257 4.7305 4.59156 4.24369 3.80581 3.75892 3.36688 8.84038 4.96002 10.9726 4.253 4.60168 4.10737 7.41623 9.01123 6.67291
threshold=0 192.50000000000003 330.50000000000006 332.91666666666669 180.50000000000003 713.50000000000011 243.50000000000003 262.12500000000006 1.0000000180025095e-35 1.5000000000000002 62.500000000000007 16.500000000000004 36.500000000000007 55.000000000000007 1 20.500000000000004 189.1009413929755 244.00000000000003 679.50000000000011 537.00000000000011 11.500000000000002 24.500000000000004 314.42340584274365 137.34403821129234 395.50000000000006 1.0000000180025095e-35 145.50000000000003 133.50000000000003 6.5000000000000009 2
decision_type=1 10 10 8 10 8 10 8 8 10 8 2 2 8 1 10 10 10 10 10 8 8 10 10 8 10 8 10 8 1
left_child=1 8 3 6 -5 -4 -3 -7 -1 10 -10 18 19 15 16 -12 17 -15 -9 -13 22 -22 23 24 25 -2 27 28 -23 -28
right_child=20 2 5 4 -6 7 -8 11 9 -11 13 12 -14 14 -16 -17 -18 -19 -20 -21 21 26 -24 -25 -26 -27 29 -29 -30 -31
leaf_value=0.47666632221393573 0.016937914244621679 0.64073706580942091 0.23957925158543533 3.9102242846942263 1.0087809760052124 -2.4585626214142842 -1.9852121182524414 -1.2676191096141851 -1.4461234331128325 0.067226529209053615 -0.44950745584831026 -0.20122860720822758 -3.8335242884771392 -0.062476625876081118 -0.81688337604602013 -1.1275439099412652 0.59884987534101841 -0.88547600172679219 -4.9337315084084477 6.777754901727933 0.48464162838754005 0.077550006960867071 -1.1336030710725802 0.21307738075520888 -0.37973135979161604 -0.26637962788701353 0.38504321157271526 0.28330769329254796 -0.41327943701846853 -0.18340960863590469
leaf_weight=44 40 22 37 29 57 22 22 20 43 21 26 52 39 73 127 25 20 21 21 34 28 36 26 39 25 28 128 174 41 756
leaf_count=44 40 22 37 29 57 22 22 20 43 21 26 52 39 73 127 25 20 21 21 34 28 36 26 39 25 28 128 174 41 756
internal_value=-0.00337187 -0.00895425 -0.0043662 0.00769231 0.0174419 -0.0113333 -0.0113636 -0.0154255 -0.01325 -0.0151685 -0.0165672 -0.0120482 -0.0076 -0.0140411 -0.0114108 -0.0264706 -0.0016129 -0.00638298 -0.0256098 -0.00116279 -0.000112697 0.000816853 -0.00696203 -0.0030303 -0.0123656 -0.00588235 0.000132159 0.00577689 -0.00714286 -0.00147059
internal_weight=2076 755 355 130 86 225 44 188 400 356 335 166 125 292 241 51 114 94 41 86 1321 1163 158 132 93 68 1135 251 77 884
internal_count=2076 755 355 130 86 225 44 188 400 356 335 166 125 292 241 51 114 94 41 86 1321 1163 158 132 93 68 1135 251 77 884
cat_boundaries=0 2 4 5
cat_threshold=1355972707 68824 9437280 3080 86001672
is_linear=0
shrinkage=0.05


Tree=91
num_leaves=31
num_cat=2
split_feature=20 10 15 15 3 0 20 3 6 1 16 11 1 3 16 7 2 2 1 2 2 11 0 0 0 6 1 0 6 13
split_gain=13.8628 6.06092 10.389 9.64886 4.80804 4.56401 8.21937 8.22977 6.12798 6.29133 5.79158 5.44023 5.83854 7.41743 6.89188 8.83897 9.03811 6.97239 6.7375 6.33711 7.31602 5.77544 5.71923 5.60303 5.26753 5.23323 10.5943 4.97671 6.00449 6.81985
threshold=0 15.000000000000002 0.43750000000000006 0.68750000000000011 1.0000000180025095e-35 720.50000000000011 1 787.00000000000011 331.24153831908552 262.50000000000006 5.8136704723816903 490.04166666666669 165.50000000000003 1.5000000000000002 1.7377831319871813 336.50000000000006 381.50000000000006 196.50000000000003 475.50000000000006 165.50000000000003 55.000000000000007 317.66666666666674 266.50000000000006 107.50000000000001 837.50000000000011 109.19630147800355 394.50000000000006 618.50000000000011 137.54846776394564 1202.0000000000002
decision_type=1 8 8 8 8 8 1 10 8 8 10 10 8 10 8 8 8 10 10 10 10 10 10 10 10 10 10 10 10 8
left_child=4 -2 -3 -4 -1 6 25 10 24 -10 11 12 13 -8 21 -16 17 -17 -18 20 -15 -14 -19 -22 -7 26 -5 28 -27 -30
right_child=1 2 3 5 -6 8 7 -9 9 -11 -12 -13 14 19 15 16 18 22 -20 -21 23 -23 -24 -25 -26 27 -28 -29 29 -31
leaf_value=0.10186289824675654 -0.28292835749877038 2.2094943335064436 -1.8258026241405227 -0.056857482128801706 0.014345205936533101 -4.9836287086660791 -1.6511558383573999 -1.9966431488504648 6.1180416208944282 -0.2132899671922501 1.6936971010659889 -2.1460878821532829 -2.9183262584261436 0.0044875153306033477 3.6531438432023258 0.105898489956222 4.6629375629435161 -2.4173988506875634 -0.3022371211747526 0.21682570775130189 -0.24275191125379367 -0.0059774369033050341 -0.93377072156606578 -1.4172657125037398 -0.8025744957141967 2.0003678266308982 -2.7758343563875103 3.7163644922730046 -0.45754528487912438 1.370809364189026
leaf_weight=57 54 28 43 139 702 22 42 30 26 162 20 43 22 40 26 51 44 27 20 53 20 27 22 24 20 46 20 31 140 91
leaf_count=57 54 28 43 139 702 22 42 30 26 162 20 43 22 40 26 51 44 27 20 53 20 27 22 24 20 46 20 31 140 91
internal_value=-0.00272467 -0.00577066 -0.00512119 -0.00579536 0.0026658 -0.00496689 -0.00347648 -0.00777351 -0.0113043 -0.00744681 -0.00634096 -0.00748373 -0.00574163 -0.0125698 -0.000627615 0.00368421 -0.000609756 -0.01 0.0140625 -0.00693431 -0.0154762 -0.0173469 -0.0234694 -0.0295455 -0.0285714 0.00136268 -0.00597484 0.00519481 0.00306859 -0.00021645
internal_weight=2092 1333 1279 1251 759 1208 978 511 230 188 481 461 418 179 239 190 164 100 64 137 84 49 49 44 42 467 159 308 277 231
internal_count=2092 1333 1279 1251 759 1208 978 511 230 188 481 461 418 179 239 190 164 100 64 137 84 49 49 44 42 467 159 308 277 231
cat_boundaries=0 2 4
cat_threshold=212016036 149764 3775136792 1627
is_linear=0
shrinkage=0.05


Tree=92
num_leaves=31
num_cat=5
split_feature=20 17 14 5 20 11 4 5 16 6 17 20 16 5 13 4 2 5 11 17 20 6 1 4 4 5 16 11 20 6
split_gain=15.4747 10.5999 8.59648 7.49057 7.02956 7.19546 5.69511 6.07747 6.0488 7.05333 6.14538 5.58454 7.04126 5.57373 7.77486 5.53875 6.16455 5.90194 8.39238 5.43268 6.60576 8.73518 7.7679 7.07101 4.98263 4.92278 4.69559 8.22917 5.75907 7.97557
threshold=0 51.500000000000007 5.5000000000000009 1784.2500000000002 1 887.37500000000011 113.00000000000001 284.37500000000006 2.1077202010024041 267.92002538334151 44.500000000000007 2 6.8543140028288549 1051.1250000000002 873.50000000000011 258.50000000000006 249.50000000000003 197.62500000000003 326.12500000000006 29.500000000000004 3 117.0516185826876 285.50000000000006 11.500000000000002 365.50000000000006 441.62500000000006 6.8940589945990869 647.08333333333337 4 310.11361097953045
decision_type=1 2 8 8 1 10 8 10 10 10 2 1 8 10 10 10 10 10 8 2 1 10 10 8 10 10 10 10 1 8
left_child=1 3 11 4 6 19 7 -1 10 -10 13 12 -2 14 15 17 -17 -8 -19 20 -6 23 -23 -22 25 -21 27 28 29 -13
right_child=2 -3 -4 -5 5 -7 8 -9 9 -11 -12 26 -14 -15 -16 16 -18 18 -20 24 21 22 -24 -25 -26 -27 -28 -29 -30 -31
leaf_value=2.0088581956500007 -0.97212052896630796 -0.51479429622011696 -0.28165791858805911 1.0106285068769238 -0.26526145760423675 -1.1080105515643546 -0.49904308709572648 0.069158333050307871 -1.6962142839472383 0.29035686231304964 3.5307084148268491 -0.32325257277097708 -1.9459470816229687 -2.463173035076494 4.7262185832165073 0.063372972256053123 -0.95211847632067048 -0.043949739505301726 6.0018210397589513 -0.14494929126836428 0.0081078149867099044 -0.6447021932867032 0.19164241662633685 0.57147019315020697 -0.77227736307048933 2.5710142083591894 0.5215165553698875 -3.9350364639205075 -0.1852525815589047 5.8336105483320599
leaf_weight=23 86 36 127 99 107 27 23 22 30 50 20 69 31 24 41 20 26 30 31 74 21 39 81 36 94 28 20 53 672 48
leaf_count=23 86 36 127 99 107 27 23 22 30 50 20 69 31 24 41 20 26 30 31 74 21 39 81 36 94 28 20 53 672 48
internal_value=-0.00296935 0.0016129 -0.00698925 0.00264271 0.00112161 -0.00261122 0.00657143 0.0233333 0.00423729 -0.0075 0.00860465 -0.00546476 -0.0153543 0.00589744 0.00906433 0.00307692 -0.0108696 0.0107143 0.0188525 -0.00125 0.00316901 0.00882353 0.00166667 0.0254386 -0.00765306 0 -0.00389908 -0.00451306 -0.00323194 0.00669291
internal_weight=2088 982 1106 946 847 507 340 45 295 80 215 979 117 195 171 130 46 84 61 480 284 177 120 57 196 102 862 842 789 117
internal_count=2088 982 1106 946 847 507 340 45 295 80 215 979 117 195 171 130 46 84 61 480 284 177 120 57 196 102 862 842 789 117
cat_boundaries=0 2 4 6 8 10
cat_threshold=2355305344 260916 203559424 165892 2 66 2147549184 16928 1074003969 1
is_linear=0
shrinkage=0.05


Tree=93
num_leaves=31
num_cat=0
split_feature=9 17 5 5 13 16 5 5 12 17 7 16 7 4 0 4 0 5 6 17 17 0 0 3 3 4 5 4 4 9
split_gain=5.19325 5.01104 4.86258 5.62217 5.63353 4.27189 4.44047 6.18013 4.39201 4.23571 4.17185 3.86706 3.91629 11.4229 2.34614 2.25035 5.00027 4.723 4.61086 4.35399 7.07896 4.66667 4.50995 5.13882 4.76819 4.35981 3.23049 3.48879 7.29767 4.27964
threshold=17.843849325270856 20.500000000000004 28.750000000000004 0.87500000000000011 1788.0000000000002 7.0239724238784147 1173.5000000000002 1010.2500000000001 328.4180059867399 51.500000000000007 3.5000000000000004 6.5451331936345571 133.50000000000003 110.00000000000001 1400.5000000000002 417.50000000000006 3.5000000000000004 729.25000000000011 307.31856749354046 29.500000000000004 25.500000000000004 400.50000000000006 266.50000000000006 720.50000000000011 315.50000000000006 606.50000000000011 672.62500000000011 124.50000000000001 103.50000000000001 128.91348905435075
decision_type=8 2 8 10 8 10 10 10 10 2 10 10 8 8 10 10 8 10 8 2 2 10 8 10 8 10 10 8 10 10
left_child=1 10 3 -2 -5 6 7 9 -9 11 -1 12 13 -4 15 16 18 26 -14 20 22 -22 25 24 -24 -17 27 28 29 -18
right_child=2 -3 5 4 -6 -7 -8 8 -10 -11 -12 -13 14 -15 -16 19 17 -19 -20 -21 21 -23 23 -25 -26 -27 -28 -29 -30 -31
leaf_value=-0.14080508316618226 -0.15790372113695128 -0.46693742721435022 0.75749879825919786 0.0077024242373744103 0.080042668314066395 -0.67105459983562443 2.072663302064123 -2.4113889557050547 -2.5425673033006038 -0.11034298050844482 0.0618827772477131 0.26162695926316715 0.2014567463216409 -1.7306552330048188 -1.9172023417762292 -0.67124508655043513 -0.38983519489015778 3.7272980908553794 -1.7565053373448976 -0.56644706563733394 4.2374354874400639 2.8057356277330427 1.6256676241477792 4.5168541922653018 -0.62135765477652571 -0.059884105741815574 -3.4376755968575541 0.055000040103067249 -0.78154445603458955 0.041547484013545959
leaf_weight=49 29 34 22 27 30 39 48 20 38 75 29 20 31 23 34 20 71 35 42 217 21 21 32 22 39 21 20 779 31 171
leaf_count=49 29 34 22 27 30 39 48 20 38 75 29 20 31 23 34 20 71 35 42 217 21 21 32 22 39 21 20 779 31 171
internal_value=-0.00291866 -0.0133929 -0.00232558 0.00930233 0.0184211 -0.00285412 -0.00250944 -0.00290859 -0.0189655 -0.0023755 -0.00641026 -0.00185407 -0.00211864 -0.0166667 -0.00171126 -0.00143039 -0.000338983 0.000496838 -0.0130137 -0.00470738 0.00113636 0.0190476 -0.00447761 0.0016129 -0.00492958 -0.0182927 -9.32836e-05 0.000285171 -0.00457875 -0.00165289
internal_weight=2090 112 1978 86 57 1892 1853 1805 58 1747 78 1672 1652 45 1607 1573 1180 1107 73 393 176 42 134 93 71 41 1072 1052 273 242
internal_count=2090 112 1978 86 57 1892 1853 1805 58 1747 78 1672 1652 45 1607 1573 1180 1107 73 393 176 42 134 93 71 41 1072 1052 273 242
is_linear=0
shrinkage=0.05


Tree=94
num_leaves=31
num_cat=4
split_feature=20 4 20 17 20 0 0 11 2 11 17 12 2 1 1 16 17 12 11 20 1 8 1 12 1 0 9 4 11 0
split_gain=14.1109 4.70844 7.36019 13.8409 7.00607 6.46001 7.61348 5.87455 5.64992 5.26962 6.17143 4.85452 6.44546 4.74795 4.18529 4.18177 7.45686 6.66042 8.01507 6.71221 6.6341 8.12492 7.34959 9.54362 5.61025 4.66888 4.44444 4.02613 4.95496 5.78128
threshold=0 22.500000000000004 1 29.500000000000004 2 147.50000000000003 1152.5000000000002 378.79166666666674 573.50000000000011 396.20833333333337 4.5000000000000009 339.21028494323895 135.50000000000003 130.50000000000003 195.50000000000003 2.8552012599513841 26.500000000000004 423.45635889416945 978.37500000000011 3 137.50000000000003 148.06250000000003 365.50000000000006 347.59985624796406 448.50000000000006 313.50000000000006 195.23407310799647 464.50000000000006 392.04166666666669 430.50000000000006
decision_type=1 10 1 2 1 10 10 8 10 8 2 10 10 10 10 10 2 10 10 1 8 8 10 10 10 10 10 10 8 10
left_child=15 4 3 7 9 -4 27 13 14 -2 -11 12 -5 -3 -9 17 25 19 -19 -1 21 -21 -22 24 -24 -17 -26 28 29 -7
right_child=1 2 5 11 -6 6 -8 8 -10 10 -12 -13 -14 -15 -16 16 -18 18 -20 20 22 -23 23 -25 26 -27 -28 -29 -30 -31
leaf_value=-0.78032015500703911 2.6079047986864783 0.064365302189469994 0.28673064307120621 0.60865216085925844 -0.46397727642519798 -0.24367269378580261 33.352258697133372 -0.40346172522804552 -0.1662491689601609 1.9207840596546675 -0.34346958896976221 -2.6052674481771234 -1.5160058151924389 -1.131716976554155 3.1590027900785231 0.13666942266399046 -0.50068552378622522 2.8527044491701532 -0.060787819266215598 -0.3204376079821496 -0.13637366476871052 0.48277522850643306 1.7276709600217075 -0.50042263496989114 -0.24557463531921259 -0.81773678115236814 3.6827387877220419 1.0273541515466775 -2.0115953923594705 0.90563891633626881
leaf_weight=132 22 20 81 24 342 95 21 21 38 24 60 40 114 54 47 82 92 34 25 31 226 67 32 29 45 21 45 87 77 32
leaf_count=132 22 20 81 24 342 95 21 21 38 24 60 40 114 54 47 82 92 34 25 31 226 67 32 29 45 21 45 87 77 32
internal_value=-0.00334951 -0.00682382 -0.00446072 -0.00951087 -0.0109375 0.000372208 -0.00288462 0 0.00754717 0.000862069 -0.0047619 -0.0196629 -0.0152174 -0.0108108 0.0161765 0.00154994 -0.00487179 0.00345345 0.0194915 0.00189456 0.00463918 0.0163265 0.00172414 0.0102649 0.0163934 0.00436893 0.01 -0.00498282 -0.00882353 -0.00275591
internal_weight=2060 1199 751 358 448 393 312 180 106 106 84 178 138 74 68 861 195 666 59 607 475 98 377 151 122 103 90 291 204 127
internal_count=2060 1199 751 358 448 393 312 180 106 106 84 178 138 74 68 861 195 666 59 607 475 98 377 151 122 103 90 291 204 127
cat_boundaries=0 2 4 6 8
cat_threshold=2761491440 151051 4241409 78288 4233216 8528 67108864 16898
is_linear=0
shrinkage=0.05


Tree=95
num_leaves=31
num_cat=2
split_feature=20 6 11 11 3 6 9 20 10 7 4 3 5 18 4 1 0 10 0 6 6 7 4 6 0 4 0 7 3 3
split_gain=11.1924 4.16444 4.95939 4.64768 5.57875 4.51209 6.3366 3.93254 9.59847 8.40973 8.17782 6.60099 6.51904 7.81598 4.53241 5.67609 6.02956 5.98691 4.65588 4.44126 4.28863 5.17036 5.4396 4.45827 3.98557 3.31524 4.9 3.19685 3.05346 8.52044
threshold=0 3.2500000000000004 98.250000000000014 639.83333333333337 225.50000000000003 874.03890685126601 592.52197046486856 1 870.00000000000011 118.50000000000001 296.50000000000006 240.50000000000003 351.37500000000006 9.5000000000000018 1.0000000180025095e-35 134.50000000000003 486.50000000000006 912.00000000000011 632.00000000000011 215.2331066728261 145.51144968675229 535.50000000000011 168.50000000000003 75.642513471224177 118.50000000000001 255.50000000000003 272.50000000000006 804.00000000000011 423.50000000000006 355.50000000000006
decision_type=1 8 8 10 10 10 10 1 10 8 10 8 10 2 8 8 8 8 10 8 8 8 10 10 10 8 10 10 10 10
left_child=1 2 -1 5 -5 6 7 14 9 -9 -10 12 13 -11 -3 24 19 -18 -19 -17 23 -22 -23 -13 -16 -25 -27 -21 29 -2
right_child=28 3 -4 4 -6 -7 -8 8 10 11 -12 20 -14 -15 15 16 17 18 -20 27 21 22 -24 25 -26 26 -28 -29 -30 -31
leaf_value=-0.12797094764701455 0.02075220735210195 0.69386848906484089 -0.65595087434269439 -0.15531305890178901 -3.6849280112533038 -3.8268879398201698 0.69514370651629531 0.83904569820169861 -1.874873525379696 -0.39265735895423293 -0.078228666766878521 -0.28146828837390386 -1.8302402356944683 0.43360307939607523 -0.035302218623270674 -0.03744018290921005 -3.5080334873074595 -0.55379927780958982 4.5781050408166442 6.684845444382467 -2.4363744053105423 -0.12462287636450947 0.27485627754822989 0.016621946977346626 -3.7768854695567899 0.26638961750368184 5.4624145430252158 4.4642337942073622 -0.13862760694957574 2.5033267552053307
leaf_weight=31 669 24 20 20 31 25 31 35 50 145 27 28 32 24 39 24 20 33 25 29 29 101 34 35 28 20 20 21 370 61
leaf_count=31 669 24 20 20 31 25 31 35 50 145 27 28 32 24 39 24 20 33 25 29 29 101 34 35 28 20 20 21 370 61
internal_value=-0.00276309 -0.00660949 -0.0205882 -0.00591398 -0.0205882 -0.00506257 -0.00444965 -0.00528554 -0.00745763 -0.00506958 -0.024026 -0.00683761 -0.0136816 -0.00976331 0.000197628 -0.00205479 0.00328947 -0.00641026 0.00172414 0.0135135 -0.00168539 -0.00670732 -0.00259259 0.00631068 -0.0141791 0.0126667 0.0225 0.022 0.000720721 0.00260274
internal_weight=2081 981 51 930 51 879 854 823 580 503 77 468 201 169 243 219 152 78 58 74 267 164 135 103 67 75 40 50 1100 730
internal_count=2081 981 51 930 51 879 854 823 580 503 77 468 201 169 243 219 152 78 58 74 267 164 135 103 67 75 40 50 1100 730
cat_boundaries=0 2 4
cat_threshold=1221878907 36090 1078215681 48
is_linear=0
shrinkage=0.05


Tree=96
num_leaves=31
num_cat=3
split_feature=20 8 0 5 11 4 16 20 4 4 8 8 4 4 6 17 6 6 10 4 0 1 10 20 8 7 9 0 16 1
split_gain=11.1985 9.62034 5.60596 5.71923 5.25789 6.44634 9.98874 8.60058 6.4855 6.9491 6.24046 11.9885 6.71801 6.15525 7.24899 6.59122 6.01189 5.99325 14.6135 5.98344 5.56522 5.4322 4.74003 7.8128 6.46706 5.62795 11.2863 4.7087 9.21403 5.42741
threshold=0 960.00000000000011 29.500000000000004 13.625000000000002 288.87500000000006 77.500000000000014 3.7785921293313645 1 113.00000000000001 210.50000000000003 191.50000000000003 158.37500000000003 218.50000000000003 353.50000000000006 389.03952959543489 19.500000000000004 155.56228174600969 215.2331066728261 1086.0000000000002 139.50000000000003 183.50000000000003 423.50000000000006 912.00000000000011 2 290.81250000000006 737.50000000000011 219.02135800301957 122.50000000000001 1.8756347804946487 217.50000000000003
decision_type=1 8 8 10 8 8 8 1 10 10 10 10 10 10 10 2 10 10 10 10 10 10 8 1 8 10 10 10 10 10
left_child=1 4 3 -3 10 6 -6 8 -7 -10 11 -1 19 16 15 -15 -11 -9 -19 20 -12 -17 23 25 -24 26 27 -2 29 -29
right_child=22 2 -4 -5 5 7 -8 17 9 13 12 -13 -14 14 -16 21 -18 18 -20 -21 -22 -23 24 -25 -26 -27 -28 28 -30 -31
leaf_value=0.033463118800447327 -0.023295736568183494 0.12882880697123336 0.25290804469141498 0.6044388434582082 -1.7845393978258288 1.7948621832230431 0.13836625302051436 -1.1769512170496341 -2.0348552810194747 1.6159909062667581 3.1354311291508896 -1.8325341976022109 -0.13919434452070761 1.007297146450344 10.60942867586075 -1.9120532331091 0.11675315471921976 3.944442374326647 -1.3225593699803824 5.0116341641956428 -0.81858058948368184 -0.003562778567116709 -1.2157081259884777 0.026085428394389966 -0.42469035441302633 -4.7828404867850498 2.0499211354984865 0.32981461144077145 -2.1167987452879191 -0.64702154319539751
leaf_weight=99 69 27 251 22 31 23 20 98 29 20 23 26 45 21 25 43 31 25 68 24 23 34 26 331 498 21 21 22 48 45
leaf_count=99 69 27 251 22 31 23 20 98 29 20 23 26 45 21 25 43 31 25 68 24 23 34 26 331 498 21 21 22 48 45
internal_value=-0.00332695 0.000491159 0.008 0.0234694 -0.00268362 -0.00576923 -0.022549 -0.00371703 0.0029661 0.000246305 0.00333333 -0.0044 0.0117391 0.00402299 -0.00203252 -0.00816327 0.0186275 -0.011194 -0.00268817 0.0214286 0.0108696 -0.0149351 -0.0068286 -0.00368043 -0.0103053 -0.0105932 -0.00853659 -0.0125 -0.0186957 -0.00671642
internal_weight=2089 1008 300 49 708 468 51 417 226 203 240 125 115 174 123 98 51 191 93 70 46 77 1081 557 524 226 205 184 115 67
internal_count=2089 1008 300 49 708 468 51 417 226 203 240 125 115 174 123 98 51 191 93 70 46 77 1081 557 524 226 205 184 115 67
cat_boundaries=0 2 4 6
cat_threshold=2257726268 258094 67250228 65542 139022464 336
is_linear=0
shrinkage=0.05


Tree=97
num_leaves=31
num_cat=5
split_feature=20 16 9 7 20 20 4 12 13 10 2 2 1 5 14 5 7 2 1 8 4 6 20 8 1 12 6 2 1 20
split_gain=12.0277 5.21911 5.28337 3.99631 10.4999 5.14157 5.04833 5.13003 8.51313 4.4831 5.36139 4.26858 5.4 3.84363 3.70811 3.69271 9.15577 4.28824 5.60001 4.27111 3.64154 3.60058 7.04785 6.46375 6.34818 5.55977 6.61296 6 5.30241 6.22475
threshold=0 1.4710365234316563 99.535842431527087 503.50000000000006 1 2 893.50000000000011 158.44676185571055 935.00000000000011 1009.0000000000001 372.50000000000006 537.00000000000011 323.50000000000006 1.0000000180025095e-35 1.0000000180025095e-35 875.37500000000011 1840.5000000000002 829.50000000000011 759.50000000000011 503.06250000000006 102.50000000000001 683.95088282629524 3 917.93750000000011 728.50000000000011 195.42590052413303 144.44807557494252 528.50000000000011 262.50000000000006 4
decision_type=1 8 10 10 1 1 8 8 10 10 10 10 10 8 8 10 10 10 10 10 10 10 1 8 8 8 10 10 8 1
left_child=3 2 -2 5 15 9 7 -6 11 10 -1 12 -9 -7 20 17 -17 18 -5 -20 -15 22 23 25 -25 26 -3 -27 -24 -30
right_child=1 21 -4 4 6 13 -8 8 -10 -11 -12 -13 -14 14 -16 16 -18 -19 19 -21 -22 -23 28 24 -26 27 -28 -29 29 -31
leaf_value=0.12523677370965913 0.22010021625447679 -0.060527299896355663 -0.64106901730650068 -0.75665303474170287 -1.1221877666197373 -0.61195367835102932 -3.0891545398056919 0.10575287126822985 -2.3643942666782798 -0.40966186819734551 -1.555931584378027 2.7164719222809026 -1.3064530866723232 -0.62385897477795083 0.047665357537955845 -4.119606361580904 0.50290521531951249 7.6738500039850805 -0.49049294052422288 6.919859264383823 -0.054624784361188367 -0.95518284477770499 0.067997962624467875 1.754174544319733 0.98268164231999444 0.1162803210592176 1.2407911645972149 -2.194044233096105 0.14956937297523965 -0.22124497297441456
leaf_weight=178 24 33 59 91 27 26 34 30 117 32 20 31 30 95 74 20 32 34 20 25 90 56 377 33 61 50 31 25 100 232
leaf_count=178 24 33 59 91 27 26 34 30 117 32 20 31 30 95 74 20 32 34 20 25 90 56 377 33 61 50 31 25 100 232
internal_value=-0.00309056 0.000595784 -0.0114458 -0.00698819 -0.0102851 -0.00398058 -0.0166667 -0.0146809 -0.0120192 0.00166667 0.00454545 -0.000549451 -0.00833333 -0.00830508 -0.00675676 -0.00172414 -0.0134615 0.00176471 -0.00220588 0.0122222 -0.0105405 0.00160321 0.00233546 0.00967078 0.0202128 0.00323741 0.0140625 -0.006 -0.000208623 -0.00481928
internal_weight=2087 1081 83 1006 491 515 269 235 208 230 198 91 60 285 259 222 52 170 136 45 185 998 942 233 94 139 64 75 709 332
internal_count=2087 1081 83 1006 491 515 269 235 208 230 198 91 60 285 259 222 52 170 136 45 185 998 942 233 94 139 64 75 709 332
cat_boundaries=0 2 4 6 8 10
cat_threshold=1287939291 115149 1149255681 16645 8388690 98697 2816 141328 285245440 1536
is_linear=0
shrinkage=0.05


Tree=98
num_leaves=31
num_cat=4
split_feature=20 3 9 9 12 2 17 20 3 20 2 9 9 7 0 2 6 16 3 16 17 8 1 16 4 20 2 1 7 9
split_gain=14.6965 7.39342 7.23799 6.92721 8.53127 6.59926 6.44744 12.5533 11.8051 9.50974 8.32362 6.75692 6.56186 6.18969 6.81723 5.85381 5.58072 5.45661 10.6302 8.0455 6.31199 6.69262 6.25541 5.69298 9.6006 5.5513 6.28359 5.38227 5.30813 8.92358
threshold=0 299.50000000000006 197.62473449916214 282.83442346552084 411.96859610231974 1119.0000000000002 20.500000000000004 1 17.500000000000004 2 1.5000000000000002 72.709098480167611 282.83442346552084 262.00000000000006 372.50000000000006 436.50000000000006 134.4890017388141 1.6278963027465387 262.50000000000006 1.803319110558512 25.500000000000004 415.75000000000006 372.50000000000006 2.0061905445791708 157.50000000000003 3 665.00000000000011 737.50000000000011 756.50000000000011 165.05734004628286
decision_type=1 10 10 10 8 10 2 1 8 1 8 10 10 8 10 10 10 8 10 8 2 10 10 8 8 1 8 10 10 10
left_child=17 6 -3 -4 5 -5 7 11 -9 -8 -11 -2 13 -10 -15 -12 -16 18 -1 -19 22 -22 -20 24 -21 26 27 -25 29 -26
right_child=1 2 3 4 -6 -7 9 8 12 10 15 -13 -14 14 16 -17 -18 19 20 23 21 -23 -24 25 28 -27 -28 -29 -30 -31
leaf_value=-0.60265747223490396 -0.47867313409447088 -0.58241770746945754 1.0462833216932097 -1.1734961486120425 0.11494211229467624 4.0808206074096631 0.6230216185273989 0.27247488839608719 -0.15107571830721933 -0.75730253779401679 0.013660292208712106 0.74592161916686528 1.713635258805823 0.70350855323631978 10.311604837430394 -0.52502651558608804 -3.2137152543676408 -2.1815081399276433 -1.6130068703023583 3.0291555843923108 6.2258773769609155 0.22739206297632109 2.6664901182219567 -0.095336642280236111 -0.31876772321517993 -0.85561977350065477 0.7217656876997709 -3.2908238138265578 -1.3521016269948463 5.2284900500414597
leaf_weight=33 55 139 107 79 122 20 101 58 20 32 260 46 21 72 21 44 20 72 20 20 27 31 22 152 21 342 51 21 23 20
leaf_count=33 55 139 107 79 122 20 101 58 20 32 260 46 21 72 21 44 20 72 20 20 27 31 22 152 21 342 51 21 23 20
internal_value=-0.00236486 0.00118174 -0.00374732 0.000304878 -0.00475113 -0.0156566 0.00426667 0.00974441 0.0162162 0.000343249 -0.00375723 -0.00495495 0.00974026 0.0056391 0.010177 -0.00131579 -0.00609756 -0.00734104 0.0018797 -0.00914127 0.01 0.0206897 -0.0047619 -0.00738462 0.0047619 -0.00918728 -0.0025641 -0.00722543 -0.0046875 0.00609756
internal_weight=2072 1217 467 328 221 99 750 313 212 437 336 101 154 133 113 304 41 855 133 722 100 58 42 650 84 566 224 173 64 41
internal_count=2072 1217 467 328 221 99 750 313 212 437 336 101 154 133 113 304 41 855 133 722 100 58 42 650 84 566 224 173 64 41
cat_boundaries=0 2 3 4 6
cat_threshold=1751438355 117960 2265513996 2181103692 6557697 72
is_linear=0
shrinkage=0.05


Tree=99
num_leaves=31
num_cat=2
split_feature=20 2 8 1 0 2 6 7 1 7 1 13 16 9 1 2 4 20 0 0 3 2 3 4 1 6 9 0 0 2
split_gain=9.89905 5.96351 6.43059 6.19659 7.21895 4.17608 4.8053 8.55273 4.95077 5.77615 5.44569 5.22083 4.88034 6.48543 4.73387 4.55111 4.43546 4.07104 8.93327 6.09203 4.22279 4.16317 9.5172 6.93336 7.82903 6.61879 6.38134 5.39 4.16935 3.96323
threshold=0 1152.5000000000002 1143.8750000000002 462.50000000000006 195.50000000000003 1119.0000000000002 771.67684603563009 1548.5000000000002 452.50000000000006 568.50000000000011 1045.5000000000002 921.00000000000011 2.0220249434006763 329.85227289966906 653.50000000000011 657.00000000000011 582.50000000000011 1 684.50000000000011 618.50000000000011 433.50000000000006 240.50000000000003 122.50000000000001 11.500000000000002 6.5000000000000009 44.919835944602553 251.65407353662292 352.50000000000006 124.50000000000001 5.5000000000000009
decision_type=1 8 10 10 8 10 10 10 10 10 10 8 8 10 8 10 10 1 8 10 10 10 10 8 8 8 8 8 10 10
left_child=5 2 -2 4 -3 6 7 8 17 -10 11 14 13 15 -11 -13 -7 18 20 21 -1 23 -23 29 -25 -26 28 -28 -27 -19
right_child=1 3 -4 -5 -6 16 -8 -9 9 10 -12 12 -14 -15 -16 -17 -18 19 -20 -21 -22 22 -24 24 25 26 27 -29 -30 -31
leaf_value=0.12814650820003523 -0.17559409274778659 -2.9803300569606925 3.3890516858212578 -2.8919491200824639 -0.08645609604498429 5.4301010082127537 -0.84236148775628983 10.339923943934057 -2.9310770478585795 0.4182550080477711 -5.6690030261456972 -0.29101797421336645 8.4980860296021667 -1.2844965456451065 -2.3550322008510478 5.7743633285372233 1.6752213988847275 -0.10310820727872311 -1.6228258779957643 6.0844957181488333 -1.0411686055818024 -0.72653719833579378 0.042717203991556124 0.1408326170154636 -0.22583164002151884 3.5304541833905874 -0.82751073052195601 0.1155318237725998 1.4953191365144705 0.031171551805933031
leaf_weight=56 996 32 29 28 121 28 27 22 33 20 29 25 23 21 23 20 33 53 35 27 25 37 86 38 33 21 25 55 53 25
leaf_count=56 996 32 29 28 121 28 27 22 33 20 29 25 23 21 23 20 33 53 35 27 25 37 86 38 33 21 25 55 53 25
internal_value=-0.00276575 -0.00567434 -0.0042439 -0.0140884 -0.0101307 0.00130238 0.000369458 0.0010828 0.000196592 -0.00670103 -0.00279503 0.00151515 0.00842697 0.00151515 -0.0127907 0.0122222 0.0139344 0.00254833 -0.00555556 0.00464363 0.00308642 0.00328638 -0.00447154 0.00643564 0.0108889 0.00668449 0.011039 0.00125 0.0216216 -0.00641026
internal_weight=2079 1206 1025 181 153 873 812 785 763 194 161 132 89 66 43 45 61 569 116 453 81 426 123 303 225 187 154 80 74 78
internal_count=2079 1206 1025 181 153 873 812 785 763 194 161 132 89 66 43 45 61 569 116 453 81 426 123 303 225 187 154 80 74 78
cat_boundaries=0 2 4
cat_threshold=2366460800 254552 67371008 66064
is_linear=0
shrinkage=0.05


Tree=100
num_leaves=31
num_cat=0
split_feature=13 8 13 11 0 1 2 14 9 8 13 2 8 3 2 3 9 0 0 6 7 9 2 16 2 4 6 1 1 3
split_gain=5.66846 9.8991 9.04406 4.95744 10.0145 6.47052 4.82915 3.98562 5.88643 6.70318 8.59576 4.17362 7.20888 7.60526 6.64069 6.13078 5.18561 4.78775 5.50313 3.93056 6.82427 5.05721 5.98866 9.40967 7.34118 4.75186 3.90752 4.00811 3.91402 4.92488
threshold=793.50000000000011 465.18750000000006 779.50000000000011 224.00000000000003 107.50000000000001 122.50000000000001 96.500000000000014 2.5000000000000004 4.1262491899130938 8.8125000000000018 272.50000000000006 419.50000000000006 300.18750000000006 423.50000000000006 394.50000000000006 569.50000000000011 144.13766200239004 276.50000000000006 445.50000000000006 81.687151072524031 588.50000000000011 650.38110033136581 720.50000000000011 2.8369350794093067 145.50000000000003 110.00000000000001 614.44602411827793 1160.5000000000002 573.50000000000011 433.50000000000006
decision_type=10 10 10 10 10 10 10 10 8 8 8 10 8 8 10 10 10 10 10 10 10 10 10 10 10 10 10 10 10 10
left_child=2 3 7 -2 5 -5 -6 8 -1 -10 -11 14 -13 17 -12 16 -15 -14 -19 -3 -21 25 24 -24 -23 -22 27 28 29 -27
right_child=1 19 -4 4 6 -7 -8 -9 9 10 11 12 13 15 -16 -17 -18 18 -20 20 21 22 23 -25 -26 26 -28 -29 -30 -31
leaf_value=-0.25336657042761129 -1.7453606426459893 0.27100055080940322 4.2430264238457598 1.1806577284453119 0.033667788287517909 -0.25286550813358988 -1.2850886217614119 0.077265574545384574 0.12532474399788759 -1.0843389253414124 0.014040503264894694 -0.83829277314300021 4.6556383510899026 -0.49994581111645292 1.1955844540117837 0.21967329047527073 -3.4370774912936186 -0.99208649284892525 1.2204557766592814 -1.8371813668490433 12.261305705904334 -0.071582013589303189 -4.8244271869943312 3.2861862069621526 -2.9764724886644092 1.3760431414603476 9.4793193973343417 -1.4326180823741765 0.88505929459835508 -0.84425063159146707
leaf_weight=42 44 28 28 31 32 39 175 38 30 33 914 35 23 32 20 22 22 22 31 20 21 26 20 37 34 36 29 33 136 55
leaf_count=42 44 28 28 31 32 39 175 38 30 33 914 35 23 32 20 22 22 22 31 20 21 26 20 37 34 36 29 33 136 55
internal_value=-0.00158046 -0.0048995 0.000464396 -0.0116822 -0.00920578 0.00714286 -0.0147343 -0.000158228 -0.000652529 0 -0.000606586 0.000133809 -0.00668449 -0.00197368 0.00149893 -0.0131579 -0.0222222 0.00921053 0.000943396 -0.000315789 -0.00145414 -0.000117096 -0.00897436 0.00263158 -0.02 0.00322581 0.00155709 -0.000384615 0.00198238 -0.00604396
internal_weight=2088 796 1292 321 277 70 207 1264 1226 1184 1154 1121 187 152 934 76 54 76 53 475 447 427 117 57 60 310 289 260 227 91
internal_count=2088 796 1292 321 277 70 207 1264 1226 1184 1154 1121 187 152 934 76 54 76 53 475 447 427 117 57 60 310 289 260 227 91
is_linear=0
shrinkage=0.05


Tree=101
num_leaves=31
num_cat=3
split_feature=20 4 9 13 0 10 1 4 2 12 20 3 0 0 0 9 2 9 0 5 13 10 10 1 20 12 0 3 5 17
split_gain=15.7153 8.82001 6.43037 7.57534 7.73714 7.3555 6.92501 6.46617 5.8081 5.69163 6.72413 6.75856 9.59398 7.26577 6.47442 5.43844 5.31285 6.58582 6.21729 4.91869 4.85106 5.95358 4.83025 4.8127 8.88086 7.45997 7.40496 5.56522 5.07548 5.07082
threshold=0 403.50000000000006 295.49384247721667 1495.0000000000002 720.50000000000011 560.00000000000011 430.50000000000006 22.500000000000004 445.50000000000006 164.14510065989413 1 249.50000000000003 243.50000000000003 339.50000000000006 98.500000000000014 197.62473449916214 180.50000000000003 79.028642070185398 313.50000000000006 256.25000000000006 1535.0000000000002 724.50000000000011 824.50000000000011 365.50000000000006 2 714.54540641168944 511.50000000000006 11.500000000000002 324.37500000000006 42.500000000000007
decision_type=1 10 10 10 10 8 10 8 10 8 1 10 10 10 10 10 10 10 10 10 8 10 8 10 1 8 10 10 10 2
left_child=2 23 3 4 5 6 16 -7 19 -9 15 12 14 22 -12 -11 17 -1 -18 -3 21 -21 -13 24 26 28 -2 -27 -25 -26
right_child=1 8 -4 -5 -6 7 -8 9 -10 10 11 13 -14 -15 -16 -17 18 -19 -20 20 -22 -23 -24 25 29 27 -28 -29 -30 -31
leaf_value=-0.70067321297452223 -0.12572955239074304 0.031906014828074113 -0.92682764967749665 0.9950183141666884 -1.3315430596948716 3.830060551713419 -2.9539964202381115 0.35537864193395308 -0.02363461072085471 -0.68588142952457798 0.092770071934722156 -0.19064322532838107 5.7386193222376605 -2.1693836390867234 -3.2221591890138415 0.09114338892298407 -0.84594088447042715 0.21593180783781207 0.00093353525474668695 -0.72770760218028563 -0.060037774390127654 -2.9714621413212114 3.5049205953633504 2.3871939869437102 0.09174797633186238 0.16556605112497211 -2.7432697495341607 -0.62964942906729826 1.1345151197568384 -0.032198405607580027
leaf_weight=57 218 24 270 32 37 21 20 36 162 91 86 24 38 41 30 25 65 67 32 26 23 32 23 20 291 23 20 23 121 83
leaf_count=57 218 24 270 32 37 21 20 36 162 91 86 24 38 41 30 25 65 67 32 26 23 32 23 20 291 23 20 23 121 83
internal_value=-0.00293547 0.00130112 -0.00741294 -0.00503448 -0.00613276 -0.00487805 -0.0118257 -0.000843373 -0.00655431 -0.00228426 -0.00418994 0.000793651 0.00714286 -0.0102273 0 -0.0134921 -0.00927602 -0.00241935 -0.0180412 -0.0157143 -0.0216049 -0.0293103 0.00319149 0.00394243 0.00179739 0.0109626 -0.00564516 -0.00652174 0.0166667 0.00651042
internal_weight=2061 1066 995 725 693 656 241 415 267 394 358 242 154 88 116 116 221 124 97 105 81 58 47 799 612 187 238 46 141 374
internal_count=2061 1066 995 725 693 656 241 415 267 394 358 242 154 88 116 116 221 124 97 105 81 58 47 799 612 187 238 46 141 374
cat_boundaries=0 2 4 6
cat_threshold=1758131223 230218 1611137040 33026 353435712 3200
is_linear=0
shrinkage=0.05


Tree=102
num_leaves=31
num_cat=0
split_feature=6 8 16 4 17 4 17 17 17 4 4 3 1 1 0 3 17 7 16 9 6 0 2 4 1 4 2 0 12 14
split_gain=3.97862 8.13607 6.20073 2.92489 6.27348 10.2044 7.50056 6.16192 5.95728 7.53731 5.81308 7.17347 6.18334 7.18355 14.0822 7.3315 5.12121 5.31265 4.50747 4.44884 4.7651 3.98314 8.09687 6.91679 7.7124 7.82715 5.61619 5.00087 3.97456 3.77622
threshold=856.99689765600772 986.37500000000011 6.3657024017656161 124.50000000000001 22.500000000000004 168.50000000000003 21.500000000000004 23.500000000000004 14.500000000000002 107.50000000000001 77.500000000000014 1.0000000180025095e-35 2.5000000000000004 255.50000000000003 405.50000000000006 36.500000000000007 27.500000000000004 5.5000000000000009 2.4040853011811429 131.73932306963027 240.07350405567396 618.50000000000011 902.50000000000011 430.00000000000006 397.50000000000006 625.50000000000011 793.50000000000011 748.50000000000011 193.77044444524626 1.0000000180025095e-35
decision_type=10 10 8 8 2 8 2 2 2 10 10 10 10 10 10 10 2 10 10 10 10 10 10 10 10 10 10 10 10 10
left_child=3 2 -2 8 6 19 -5 -7 29 10 11 16 -13 15 -15 -14 17 -10 -17 -6 -21 22 -9 27 -25 -26 -27 -23 -12 -1
right_child=1 -3 -4 4 5 7 -8 21 9 -11 28 12 13 14 -16 18 -18 -19 -20 20 -22 23 -24 24 25 26 -28 -29 -30 -31
leaf_value=-0.0033315071013085176 -0.94524573309011262 0.15728774856872363 -1.0025458134328342 -0.092555477703652411 2.675088376038862 3.1359613094818659 -4.2648499091253163 -0.019274139382208944 0.088137479654849749 -1.7995447980998245 -0.50455889946139221 -0.75538583211923993 -0.27469925638731213 -2.7850391955430354 0.23561292958568317 -1.3649010543006797 0.2440758398763129 -0.1981347895595309 0.46417998299453772 -0.038795021670500779 3.4988807581178594 6.772253824459451 -3.5309791216553763 8.7178778971904425 -4.5345829917954408 1.3595904113128485 -1.6873631553524093 0.75112642195385326 1.790304212546566 0.10389456431016637
leaf_weight=108 39 33 21 598 24 32 23 607 28 26 25 29 27 36 26 23 20 27 42 29 20 28 28 21 20 38 27 27 28 22
leaf_count=108 39 33 21 598 24 32 23 607 28 26 25 29 27 36 26 23 20 27 42 29 20 28 28 21 20 38 27 27 28 22
internal_value=-0.00225744 -0.0123656 -0.0233333 -0.00178482 -0.000722733 0.00194229 -0.00458937 0.000362319 -0.00524625 -0.00875371 -0.00659164 -0.00968992 -0.0150273 -0.011039 -0.0241935 -0.00217391 0.00333333 -0.00454545 0.00692308 0.019863 0.0112245 -0.000502513 -0.00228346 0.00652174 -0.000943396 -0.00764706 0.000769231 0.0209091 0.00849057 0.00384615
internal_weight=2082 93 60 1989 1522 901 621 828 467 337 311 258 183 154 62 92 75 55 65 73 49 796 635 161 106 85 65 55 53 130
internal_count=2082 93 60 1989 1522 901 621 828 467 337 311 258 183 154 62 92 75 55 65 73 49 796 635 161 106 85 65 55 53 130
is_linear=0
shrinkage=0.05


Tree=103
num_leaves=31
num_cat=3
split_feature=20 9 20 12 6 9 17 6 1 0 9 8 5 1 1 20 12 13 8 9 0 8 7 17 1 12 8 7 5 8
split_gain=16.2474 6.55063 6.54595 5.59128 5.77744 6.94436 5.49848 5.33347 5.33214 10.1753 5.3288 5.1425 6.3272 5.92291 5.01779 5.97491 4.51513 5.67632 4.74222 4.65286 6.31651 6.09247 4.73596 8.29185 7.88683 5.58362 5.70376 5.27987 4.18927 7.72482
threshold=0 295.49384247721667 1 141.30210165636291 169.27282771188752 241.50856704095935 3.5000000000000004 303.80708667872381 55.000000000000007 285.50000000000006 309.08366266410371 1239.3750000000002 1107.5000000000002 866.00000000000011 1308.5000000000002 2 151.77635667342574 588.50000000000011 303.18750000000006 182.64812827490061 126.50000000000001 268.68750000000006 720.50000000000011 25.500000000000004 9.5000000000000018 249.13063721891706 917.93750000000011 693.00000000000011 1010.2500000000001 857.81250000000011
decision_type=1 10 1 8 10 8 2 10 8 10 10 10 10 10 10 1 8 10 10 8 10 10 8 2 10 8 8 10 10 8
left_child=1 2 3 -1 8 -6 -4 -7 -5 -10 -3 12 14 -14 15 28 17 18 -17 20 -18 -22 27 24 -24 -25 -27 -21 29 -2
right_child=11 10 6 4 5 7 -8 -9 9 -11 -12 -13 13 -15 -16 16 19 -19 -20 22 21 -23 23 25 -26 26 -28 -29 -30 -31
leaf_value=-0.32307984583918314 0.022913842389025874 -3.8639997650229136 -2.7417076382348333 2.4021153808080613 -0.29117906344681332 -1.458565777659719 -0.1741361778881384 4.1817376116713776 -0.073040569547052042 3.9651427776224466 -0.66995754659715212 0.79126438841813496 0.32815907608195971 -0.93776575719996458 14.270397803282874 0.10582478683835908 0.050481199996299256 1.062868490686111 -0.75796098160044068 0.020683932538671002 -1.5293613004536066 -0.21085557190113208 0.12500877473982955 -2.5598794227277382 -2.6031388697912337 3.8805050488614317 -0.019235367489004299 2.4130795835091989 -3.51075073204521 1.3263900391994117
leaf_weight=21 122 22 37 21 44 22 453 27 68 32 265 27 23 24 27 151 37 24 31 174 28 33 23 23 86 60 64 20 21 91
leaf_count=21 122 22 37 21 44 22 453 27 68 32 265 27 23 24 27 151 37 24 31 174 28 33 23 23 86 60 64 20 21 91
internal_value=-0.00173727 -0.00626223 -0.0037931 0.00306122 0.00560748 -0.00376344 -0.007 0.00918367 0.0128099 0.008 -0.0127178 0.00250227 0.0019774 -0.0159574 0.00280788 0.00222672 0 0.00631068 0.0032967 -0.00237226 -0.0122449 -0.0221311 -0.000222222 -0.0046875 -0.0151376 0.00306122 0.00725806 0.0056701 0.00901639 0.0115023
internal_weight=2101 1012 725 235 214 93 490 49 121 100 287 1089 1062 47 1015 988 754 206 182 548 98 61 450 256 109 147 124 194 234 213
internal_count=2101 1012 725 235 214 93 490 49 121 100 287 1089 1062 47 1015 988 754 206 182 548 98 61 450 256 109 147 124 194 234 213
cat_boundaries=0 2 4 6
cat_threshold=2026021919 71115 12715008 69705 928 155648
is_linear=0
shrinkage=0.05


Tree=104
num_leaves=31
num_cat=0
split_feature=2 17 11 6 7 2 11 10 1 10 17 9 17 4 17 11 0 4 0 6 16 1 1 11 1 11 4 0 1 12
split_gain=4.86676 7.15802 5.37165 4.68387 8.14732 5.77811 7.3901 8.38785 5.1624 4.23443 4.14608 7.68627 5.66758 4.92085 4.28662 6.80442 4.62857 4.27111 4.03418 4.00405 3.86551 3.77411 5.53582 3.67352 7.42623 11.4014 5.23759 4.82931 5.97133 7.29492
threshold=1152.5000000000002 34.500000000000007 872.20833333333337 462.80321627774521 1134.0000000000002 2.5000000000000004 779.66666666666686 2023.0000000000002 966.50000000000011 1430.0000000000002 41.500000000000007 286.06114877559764 43.500000000000007 430.00000000000006 37.500000000000007 398.58333333333343 250.50000000000003 512.50000000000011 816.50000000000011 539.47020154321319 2.0623452285242645 247.00000000000003 1487.5000000000002 326.12500000000006 582.50000000000011 153.37500000000003 67.500000000000014 276.50000000000006 397.50000000000006 390.28600806641663
decision_type=10 2 10 8 10 8 10 10 10 10 2 10 2 10 2 10 10 10 10 8 10 8 8 10 10 10 10 10 10 10
left_child=3 2 -2 4 8 -5 7 19 10 -6 14 12 20 -14 23 16 -16 -17 -8 -7 -12 -21 -23 24 -1 -26 -25 28 29 -28
right_child=1 -3 -4 5 9 6 18 -9 -10 -11 11 -13 13 -15 15 17 -18 -19 -20 21 -22 22 -24 26 25 -27 27 -29 -30 -31
leaf_value=-0.049581150441242394 -1.3540328379796394 -3.0814014756133474 4.3525391562613356 -0.87622470377873829 -6.1538156722571333 3.816308664093917 4.2747179568267937 -1.7800164910539984 2.0672378159275469 -1.0633036160183622 -3.0630973384359055 -1.8711098653910128 0.18557824677354662 -0.47329704140420009 0.11396562927018294 -1.198904464050824 1.7424369741104955 1.3025611112620141 0.54496147393082317 0.29079986692246323 -0.074534662550503589 -1.8319022720514007 0.062501865696345124 -1.5017711541538943 0.025646806878469874 -3.7956205236688043 -0.1925848068383175 -0.031022018319836777 5.9740103197230017 1.0234302909404085
leaf_weight=729 37 48 20 29 28 28 23 20 31 26 21 39 71 47 35 20 35 25 35 55 20 52 214 24 23 26 38 206 31 32
leaf_count=729 37 48 20 29 28 28 23 20 31 26 21 39 71 47 35 20 35 25 35 55 20 52 214 24 23 26 38 206 31 32
internal_value=-0.00236944 -0.0128571 -0.000877193 -0.00180846 -0.00315196 0.00263158 0.00409836 0.00149051 -0.00244322 -0.0222222 -0.00288326 -0.00959596 -0.00471698 0.000847458 -0.00179739 0.0073913 0.0171429 -0.00777778 0.0206897 0.00329513 -0.0207317 0.0017134 -0.00075188 -0.00275023 -0.00462725 -0.0234694 0.00166163 0.0034202 0.0123762 0.00428571
internal_weight=2068 105 57 1963 1507 456 427 369 1453 54 1422 198 159 118 1224 115 70 45 58 349 41 321 266 1109 778 49 331 307 101 70
internal_count=2068 105 57 1963 1507 456 427 369 1453 54 1422 198 159 118 1224 115 70 45 58 349 41 321 266 1109 778 49 331 307 101 70
is_linear=0
shrinkage=0.05


Tree=105
num_leaves=31
num_cat=4
split_feature=20 12 12 12 17 6 9 3 3 14 4 20 2 16 10 20 6 16 16 11 20 5 9 4 4 5 2 3 9 11
split_gain=13.3271 6.91319 7.54522 5.92662 5.46431 8.76069 7.33049 9.14902 10.6315 7.42941 6.68182 6.53287 6.13946 7.60787 7.38179 5.83205 8.8413 5.7041 5.02288 5.98355 4.74919 6.16878 7.78247 5.73167 5.71152 7.14759 5.83112 5.89474 5.79194 5.5086
threshold=0 89.689749259443474 94.896546396093584 105.96373688392008 33.500000000000007 108.47655042474905 2.4251718062418797 139.50000000000003 192.50000000000003 2.5000000000000004 1.5000000000000002 1 275.50000000000006 2.9634216259603261 630.00000000000011 2 193.85679841865297 2.8909390488184283 3.209914320685435 161.29166666666669 3 371.12500000000006 202.9756558145443 389.50000000000006 178.00000000000003 549.25000000000011 1119.0000000000002 1095.5000000000002 182.64812827490061 277.20833333333343
decision_type=1 8 8 8 2 8 8 8 8 8 8 1 10 10 10 1 8 10 10 10 1 10 10 10 8 10 8 10 8 10
left_child=4 18 -3 -4 6 17 -1 9 -9 10 -8 -10 13 -12 -15 16 -7 -6 19 -2 24 22 -22 -23 25 29 27 28 -26 -5
right_child=1 2 3 20 5 15 7 8 11 -11 12 -13 -14 14 -16 -17 -18 -19 -20 -21 21 23 -24 -25 26 -27 -28 -29 -30 -31
leaf_value=-0.32706601747978759 4.9045410677342591 -2.9398143912809385 1.1198474795881606 3.3872296664712196 -1.1274391601208378 0.17064726816959067 0.43902846931006112 -1.1818520806579216 0.83374253953443267 1.3877270746182884 -0.84070712063829667 -0.29233789798365328 3.1359767381485848 2.9355389120037851 -0.11582762535395896 -0.044185384998841164 -1.3146652987339178 -0.075420443925786715 -0.042394360516535404 0.019310584111174478 -0.077873663689852865 -0.81921037915417549 0.52058318155759764 1.0077361312856383 -0.19485604655132818 11.487173657060509 0.50455836881981575 -0.9090378021241492 0.093773524978789879 -0.50336522103174564
leaf_weight=37 25 23 32 22 44 26 48 29 103 20 41 273 30 21 36 181 86 24 29 29 254 99 75 26 80 21 112 38 186 43
leaf_count=37 25 23 32 22 44 26 48 29 103 20 41 273 30 21 36 181 86 24 29 29 254 99 75 26 80 21 112 38 186 43
internal_value=-0.0026517 0.00117754 4.9456e-05 0.000708502 -0.0067889 -0.0117729 -0.00407524 -0.00274542 -0.00703704 0.00612245 0.00284091 -0.00478723 -0.003125 -0.00918367 0.00263158 -0.00802048 -0.0163934 -0.0279412 0.0150602 0.0240741 0 -0.00366379 -0.000151976 -0.0132 0.00332031 0.0151163 0.000961538 -0.00263158 0 0.00692308
internal_weight=2093 1094 1011 988 999 361 638 601 405 196 176 376 128 98 57 293 112 68 83 54 956 454 329 125 502 86 416 304 266 65
internal_count=2093 1094 1011 988 999 361 638 601 405 196 176 376 128 98 57 293 112 68 83 54 956 454 329 125 502 86 416 304 266 65
cat_boundaries=0 2 4 6 8
cat_threshold=4039409803 73709 1 6401 268697737 71681 84938324 188416
is_linear=0
shrinkage=0.05


Tree=106
num_leaves=31
num_cat=4
split_feature=20 1 2 1 1 20 20 6 11 0 3 3 18 5 1 0 1 0 6 1 1 7 8 16 13 11 20 7 0 9
split_gain=13.6158 7.8477 4.3493 6.93575 3.94466 10.2467 8.43161 8.02399 7.48506 9.1746 5.17482 7.86397 5.73765 5.0464 8.12137 7.25926 6.8097 5.4854 4.94671 5.65637 7.54141 5.86984 5.63333 5.39239 5.21805 4.8 4.60291 4.07832 4.00664 3.92502
threshold=0 1338.0000000000002 1658.0000000000002 10.500000000000002 353.50000000000006 1 2 146.94752637227842 566.45833333333348 240.50000000000003 3.5000000000000004 649.00000000000011 7.5000000000000009 615.12500000000011 258.50000000000006 6912.0000000000009 305.50000000000006 337.50000000000006 223.5119984479584 180.50000000000003 102.50000000000001 552.50000000000011 313.00000000000006 1.9992609016999263 713.50000000000011 378.79166666666674 3 1250.0000000000002 240.50000000000003 182.64812827490061
decision_type=1 10 8 10 10 1 1 8 8 10 8 8 2 8 10 8 10 10 10 10 10 10 10 10 8 8 1 10 10 8
left_child=2 4 -1 -4 6 8 18 -7 9 -6 -9 27 -13 14 17 28 -16 26 19 20 -2 22 -21 -20 -22 -19 -8 29 -15 -12
right_child=1 -3 3 -5 5 7 13 10 -10 -11 11 12 -14 15 16 -17 -18 25 23 21 24 -23 -24 -25 -26 -27 -28 -29 -30 -31
leaf_value=0.076400838874315022 -0.15745659459948225 -1.1696529393068158 0.056412260946665675 -3.5410774024423235 -0.037402767473858491 0.77108273451343345 -0.077971173768623711 1.3791018625142952 -0.02493036892537788 7.5056970390679654 -2.7300959621522893 -0.3893680280381176 5.2321028208075804 0.10769009306772231 -1.7876931543835668 -0.10624328486831594 -0.39740007182376119 -0.057560226430291905 -3.9864960719279363 -1.8369189392914642 2.2154138977229936 0.052804782904436826 -2.1092555708708844 -1.4722796149607065 -0.22585563357259242 -1.7064617058916363 0.033145230533885593 -4.9899605734824277 8.4356438374777127 -1.1294499934830129
leaf_weight=609 148 45 67 27 21 53 129 20 44 42 24 48 33 38 25 60 30 30 21 40 24 21 20 55 22 24 161 20 37 86
leaf_count=609 148 45 67 27 21 53 129 20 44 42 24 48 33 38 25 60 30 30 21 40 24 21 20 55 22 24 161 20 37 86
internal_value=-0.00202569 -0.00499624 0.00357644 -0.00638298 -0.00431034 -0.000127877 -0.00615819 -0.00510204 0.0123932 0.0246032 -0.00930736 -0.0116114 0.000617284 -0.00202206 -0.00488722 0.0062963 -0.0227273 -0.00203488 -0.0120499 -0.00927273 -0.00463918 -0.0203704 -0.0283333 -0.0236842 0.0130435 -0.0166667 0.000689655 -0.0192308 0.0166667 -0.0154545
internal_weight=2024 1321 703 94 1276 391 885 284 107 63 231 211 81 534 399 135 55 344 351 275 194 81 60 76 46 54 290 130 75 110
internal_count=2024 1321 703 94 1276 391 885 284 107 63 231 211 81 534 399 135 55 344 351 275 194 81 60 76 46 54 290 130 75 110
cat_boundaries=0 2 4 6 8
cat_threshold=497031761 13446 536870920 2881 1614816266 35649 2147598464 32
is_linear=0
shrinkage=0.05


Tree=107
num_leaves=31
num_cat=3
split_feature=20 2 8 5 16 2 5 17 0 8 20 3 5 17 0 0 4 9 4 16 2 9 2 0 5 20 9 3 12 16
split_gain=17.8677 8.95971 12.4241 10.4795 9.27403 7.89961 8.6487 8.42826 7.27898 6.42041 7.07311 8.66233 8.22155 6.37954 5.00252 11.7191 6.70526 4.68348 4.37576 4.2277 7.11532 7.11371 6.18373 5.76471 5.72721 5.57122 8.46845 5.81639 5.09677 6.86608
threshold=0 180.50000000000003 301.18750000000006 253.00000000000003 1.9645484978669203 6.5000000000000009 17.000000000000004 46.500000000000007 925.50000000000011 1.3125000000000002 1 26.500000000000004 324.37500000000006 17.500000000000004 337.50000000000006 230.50000000000003 582.50000000000011 251.65407353662292 150.50000000000003 1.4777505907752662 225.50000000000003 146.67794338251119 279.50000000000006 253.50000000000003 237.87500000000003 2 189.24565686576776 355.50000000000006 338.38261831763208 2.0486458258684346
decision_type=1 10 8 8 8 10 10 2 10 8 1 8 8 2 10 10 8 10 10 8 10 8 10 10 10 1 10 10 8 10
left_child=5 4 17 -4 -2 -1 -7 19 9 13 11 -11 18 -6 15 16 -5 -3 -13 22 -21 23 -8 -22 -23 27 -27 -26 -28 -30
right_child=1 2 3 14 8 6 7 -9 -10 10 -12 12 -14 -15 -16 -17 -18 -19 -20 20 21 24 -24 -25 25 26 28 -29 29 -31
leaf_value=-0.12727264976170671 1.4325865754051259 -1.5773198270906428 2.2129003425272518 -1.165094380273701 -1.371204953326691 0.73638136651174013 0.7470963061052025 8.18807557183165 -1.9708197432186774 0.34277887208384394 -0.058980851079364752 -1.1528888276291738 0.29441061099957072 -0.019971067432948339 -0.57140831161881356 2.0464515059805848 0.24174936991633766 -0.17936634365340895 0.05048513045817913 -0.13718524914602312 0.10410882713830248 0.8153397802149428 -0.61042423795471024 2.7470995147121884 11.590744995411976 -0.85265247241910636 0.36918374171941082 0.72308732409403553 -1.3721523843752665 0.30216213306235606
leaf_weight=213 40 93 21 52 22 21 20 35 26 26 340 22 32 21 257 51 38 23 33 229 36 26 58 32 31 48 92 73 21 53
leaf_count=213 40 93 21 52 22 21 20 35 26 26 340 22 32 21 257 51 38 23 33 229 36 26 58 32 31 48 92 73 21 53
internal_value=-0.00318945 -0.00754291 -0.012243 -0.00823389 -0.00320285 0.00170341 0.00406452 0.00318302 -0.00498084 -0.00362903 -0.00187638 0.00853659 0.00172414 -0.022093 -0.0100503 -0.00248227 -0.0133333 -0.0267241 -0.01 0.00201669 0.00335413 0.00728155 -0.00897436 0.0220588 0.00436047 0.00251572 -0.00223214 0.0114035 0.00301205 -0.00675676
internal_weight=2085 1097 535 419 562 988 775 754 522 496 453 113 87 43 398 141 90 116 55 719 641 412 78 68 344 318 214 104 166 74
internal_count=2085 1097 535 419 562 988 775 754 522 496 453 113 87 43 398 141 90 116 55 719 641 412 78 68 344 318 214 104 166 74
cat_boundaries=0 2 4 6
cat_threshold=120028028 140550 2156429312 32 67109392 260
is_linear=0
shrinkage=0.05


Tree=108
num_leaves=31
num_cat=4
split_feature=20 18 2 20 1 0 3 1 13 0 1 8 0 7 20 20 6 0 7 0 3 2 11 2 6 9 8 16 11 1
split_gain=11.7627 6.5976 10.0764 9.25963 7.89159 7.425 6.99845 6.86044 5.52833 6.34484 8.73134 5.13218 7.74812 9.61036 7.69914 6.71502 6.03865 6.55494 5.18603 6.9132 5.52456 5.42311 5.04356 5.37094 5.01273 9.07726 5.31304 7.09873 6.22751 4.80859
threshold=0 5.5000000000000009 332.00000000000006 1 294.50000000000006 72.500000000000014 307.50000000000006 1.5000000000000002 918.00000000000011 285.50000000000006 385.50000000000006 293.75000000000006 198.50000000000003 396.50000000000006 2 3 406.28475571003406 462.50000000000006 795.50000000000011 1180.0000000000002 270.50000000000006 712.00000000000011 556.45833333333337 365.50000000000006 500.91095732254121 408.52240863046501 117.37500000000001 1.6123335776729733 185.75000000000003 165.50000000000003
decision_type=1 2 8 1 8 10 10 10 10 10 8 10 10 10 1 1 10 10 10 10 10 10 10 10 10 10 8 8 8 8
left_child=1 2 7 4 5 -3 -7 -1 9 -4 -11 12 15 -14 16 29 17 -13 20 -20 -16 -21 23 -6 25 26 -5 -28 -29 -2
right_child=11 3 8 24 22 6 -8 -9 -10 10 -12 14 13 -15 18 -17 -18 -19 19 21 -22 -23 -24 -25 -26 -27 27 28 -30 -31
leaf_value=-0.23439291424305361 -0.1291932941579764 1.393292963561277 -1.4593342905587698 0.040764034260085971 0.26444666227235841 -1.8631709791815383 0.016317404573385375 -0.008549720778193404 -3.9920484860937706 2.4873266152032727 -1.9319180719141116 0.35067780965591455 3.1709594625128945 0.052153997185169491 0.023901317150654224 0.035861929907341585 4.9093990204596656 -0.57410844896620294 0.1404857128430109 -3.0952034852424384 -1.4559484838988881 -0.069540566042610413 -0.0090823067272708616 11.702130101932092 -1.3462263732125779 0.20623812021523602 0.088346337843161399 -1.0790006562093581 -0.35209514969894828 -0.73296620090896036
leaf_weight=88 60 30 65 30 60 37 29 191 28 26 25 62 88 89 48 267 25 28 190 26 105 25 53 29 32 27 56 27 179 51
leaf_count=88 60 30 65 30 60 37 29 191 28 26 25 62 88 89 48 267 25 28 190 26 105 25 53 29 32 27 56 27 179 51
internal_value=-0.00351638 -0.00733855 -0.0121749 -0.00398981 0.00362903 -0.00729167 -0.0166667 -0.00663082 -0.0229167 -0.0181034 -0.00490196 0.00018622 0.00351351 0.0121469 -0.00343811 -0.000529101 0.0076 0.00222222 -0.00668317 -0.00228216 -0.0140523 -0.0186275 0.0112676 0.0185393 -0.00900277 -0.00736677 -0.00993151 -0.0122137 -0.0165049 -0.0103306
internal_weight=2076 1012 423 589 238 96 66 279 144 116 51 1064 555 177 509 378 115 90 394 241 153 51 142 89 351 319 292 262 206 111
internal_count=2076 1012 423 589 238 96 66 279 144 116 51 1064 555 177 509 378 115 90 394 241 153 51 142 89 351 319 292 262 206 111
cat_boundaries=0 2 4 5 7
cat_threshold=1769251103 101957 1228963844 1541 335562816 2483044448 256
is_linear=0
shrinkage=0.05


Tree=109
num_leaves=31
num_cat=3
split_feature=20 17 17 20 4 3 9 3 20 3 17 3 3 9 4 13 1 16 3 16 10 2 6 2 9 7 7 16 11 4
split_gain=14.48 10.701 7.8964 10.0131 7.17093 9.22004 7.28311 7.5347 6.62652 6.59257 6.32231 6.36391 7.61905 6.22765 7.51089 8.53535 6.06328 5.90405 5.45611 5.42682 6.25933 6.92597 9.35097 5.0311 5.24229 4.98455 4.88959 4.78274 4.45455 4.25275
threshold=0 37.500000000000007 33.500000000000007 1 62.500000000000007 46.500000000000007 293.36015533016422 290.50000000000006 2 139.50000000000003 37.500000000000007 453.50000000000006 243.50000000000003 84.97937725154739 240.50000000000003 956.00000000000011 1459.5000000000002 2.4040853011811429 197.50000000000003 1.8830530481893752 898.50000000000011 115.50000000000001 3.2500000000000004 353.50000000000006 170.56945238687393 349.00000000000006 1371.5000000000002 4.7536887176053648 522.04166666666674 81.500000000000014
decision_type=1 2 2 1 8 10 8 8 1 10 2 10 10 8 8 8 8 8 10 8 8 10 10 10 10 10 10 8 8 10
left_child=1 16 8 -4 5 -5 10 -8 9 13 -6 12 -12 -2 15 -15 19 -3 -11 -1 21 22 -21 24 -23 -16 -10 -19 -17 -22
right_child=2 17 3 4 6 -7 7 -9 26 18 11 -13 -14 14 25 28 -18 27 -20 20 29 23 -24 -25 -26 -27 -28 -29 -30 -31
leaf_value=0.16758470018290553 -1.1799530081703851 0.088897737135411603 -0.72054854583151462 -0.055977562817930072 -0.17756331764599481 -1.7319453339723638 -4.3593242197622066 -0.12203785478557405 0.027847466849353932 -3.1521573936385039 1.5224979587408627 9.4339156682159118 -1.4987383926955105 2.9168804890175921 -0.006967493150957251 -0.66077399529798342 -1.8369315745341668 8.9453843776621937 -0.23625316613542824 -0.16203853838594562 0.0038345308711304222 -1.0605446213523941 0.10212906759958572 -0.075696751910885499 -3.2501215404269006 -0.95287184600928621 -0.66149366109469843 0.17972075005055671 0.94485908755194581 2.7508873528774331
leaf_weight=125 33 77 211 24 39 27 22 128 443 24 35 20 21 36 79 22 22 49 174 34 86 38 43 41 32 34 53 61 22 26
leaf_count=125 33 77 211 24 39 27 22 128 443 24 35 20 21 36 79 22 22 49 174 34 86 38 43 41 32 34 53 61 22 26
internal_value=-0.00382028 0.00248447 -0.00655456 -0.0114801 -0.00521472 -0.022549 -0.00207547 -0.00933333 -0.00380435 -0.00829493 0.0073913 0.0157895 0.00714286 -0.00265487 0.000777202 0.0125 -0.00167785 0.0125668 -0.0151515 -0.000352941 -0.004 -0.00957447 0.00194805 -0.0175676 -0.0257143 -0.00752212 0.000197628 0.02 -0.00227273 0.00535714
internal_weight=2081 634 1447 527 316 51 265 150 920 424 115 76 56 226 193 80 447 187 198 425 300 188 77 111 70 113 496 110 44 112
internal_count=2081 634 1447 527 316 51 265 150 920 424 115 76 56 226 193 80 447 187 198 425 300 188 77 111 70 113 496 110 44 112
cat_boundaries=0 2 4 6
cat_threshold=2365805060 42528 805830985 6553 1657315330 82126
is_linear=0
shrinkage=0.05


Tree=110
num_leaves=31
num_cat=1
split_feature=20 17 17 16 2 8 4 16 4 5 5 2 16 2 9 7 2 1 5 8 0 0 16 0 3 6 17 2 8 3
split_gain=10.6866 5.78585 7.32663 6.92932 5.21284 4.83904 5.05157 4.73533 9.7554 6.78322 8.53923 6.35961 6.36459 9.48903 9.69358 5.47694 5.10703 4.95238 4.89075 7.06893 4.17139 7.01326 4.93759 3.5227 9.46286 7.24848 8.08864 4.81837 3.98789 6.86316
threshold=0 5.5000000000000009 15.500000000000002 2.190830935489656 138.50000000000003 832.37500000000011 230.50000000000003 1.4710365234316563 447.00000000000006 1010.2500000000001 825.00000000000011 740.00000000000011 2.1529945223886156 143.50000000000003 104.35567594899143 678.00000000000011 296.50000000000006 675.50000000000011 377.00000000000006 342.81250000000006 156.50000000000003 317.50000000000006 1.7300715110409906 798.50000000000011 99.500000000000014 324.91678312329651 34.500000000000007 467.50000000000006 559.18750000000011 998.50000000000011
decision_type=1 2 2 10 10 8 10 8 10 10 10 10 10 10 10 10 10 10 10 10 8 8 10 10 8 10 2 10 10 10
left_child=1 4 3 5 -1 6 -3 8 -4 10 11 12 15 14 -14 18 -15 -17 19 20 -9 22 -22 28 -25 -26 27 -27 29 -2
right_child=23 2 7 -5 -6 -7 -8 9 -10 -11 -12 -13 13 16 -16 17 -18 -19 -20 -21 21 -23 -24 24 25 26 -28 -29 -30 -31
leaf_value=0.17366271888207835 -0.097232179490242751 -0.28709877545111201 -1.9848768272059119 0.047198969523495199 2.7311429703114927 -0.18707519653287932 -3.4837122884257101 3.7082777276808274 0.13448006469338908 -1.0834532247241668 6.4535598929780322 -1.8394855817239375 -0.74988702928516382 -0.88661413505228381 2.4270293810957124 7.0422393135871069 -0.045260684943753661 0.53915359799505047 -0.46696422778982483 2.9547896252351622 0.5021803757260237 0.1385478918828352 -0.85748170940478874 -1.8934539455449582 -4.0174419899893126 -4.2965735434028778 3.247110614567879 3.0381448217283946 0.034561435429742965 -0.61415966033187275
leaf_weight=44 1023 34 25 38 28 39 22 32 29 29 22 33 29 29 38 28 30 24 27 32 20 90 27 28 22 21 35 23 158 20
leaf_count=44 1023 34 25 38 28 39 22 32 29 29 22 33 29 29 38 28 30 24 27 32 20 90 27 28 22 21 35 23 158 20
internal_value=-0.00300625 0.00177866 0.000369276 -0.0101504 0.0152778 -0.0173684 -0.0267857 0.00294118 -0.0111111 0.0044898 0.00596529 0.00444191 0.00615764 -0.0031746 0.00970149 0.0103571 -0.0177966 0.025 0.00701754 0.00970149 0.0056213 0.00182482 -0.0138298 -0.00567164 -0.0135659 -0.00643564 0.000632911 -0.0136364 -0.00487094 -0.00599233
internal_weight=2079 749 677 133 72 95 56 544 54 490 461 439 406 126 67 280 59 52 228 201 169 137 47 1330 129 101 79 44 1201 1043
internal_count=2079 749 677 133 72 95 56 544 54 490 461 439 406 126 67 280 59 52 228 201 169 137 47 1330 129 101 79 44 1201 1043
cat_boundaries=0 2
cat_threshold=2608929281 145938
is_linear=0
shrinkage=0.05


Tree=111
num_leaves=31
num_cat=2
split_feature=20 0 1 3 16 14 3 4 0 0 9 3 0 1 3 12 17 3 3 3 17 20 3 9 3 3 3 2 16 11
split_gain=10.698 7.90933 6.57748 5.8863 9.39799 5.9801 7.1224 8.14881 6.86109 9.52035 6.60519 5.86377 5.07305 4.88424 7.03285 4.85196 7.80444 4.80998 4.73478 4.60952 4.51587 4.39068 5.19163 12.8535 8.89169 9.64037 9.20059 6.55698 5.8146 5.58883
threshold=0 339.50000000000006 1261.5000000000002 338.50000000000006 1.9645484978669203 1.0000000180025095e-35 12.500000000000002 8.5000000000000018 62.500000000000007 124.50000000000001 98.841923718473396 130.50000000000003 192.50000000000003 119.50000000000001 81.500000000000014 169.38910068437153 26.500000000000004 5.5000000000000009 603.00000000000011 942.00000000000011 44.500000000000007 1 430.50000000000006 381.36125680859982 355.50000000000006 299.50000000000006 187.50000000000003 307.50000000000006 1.4218700458286218 211.54166666666671
decision_type=1 10 10 10 10 10 8 8 8 8 10 10 10 8 8 10 2 10 10 8 2 1 10 8 10 10 8 10 10 8
left_child=2 3 21 5 18 8 7 -7 11 10 -10 17 -6 -3 -15 -11 -17 -2 -5 -4 -16 -1 24 27 25 26 29 -24 -28 -23
right_child=1 13 19 4 12 6 -8 -9 9 15 -12 -13 -14 14 20 16 -18 -19 -20 -21 -22 22 23 -25 -26 -27 28 -29 -30 -31
leaf_value=0.31856415745232686 -0.3699293590906334 -1.7934726538276757 -0.99887104534624882 0.32989129635350595 -0.17895013761078218 -0.016942047747374785 -0.19170975161110124 0.20042384842968475 -0.18464100105316988 -0.052726623873977023 1.2582428785315287 -3.6153644533985911 1.025777441005493 0.72645399503427088 -0.85946614247329056 0.18337803796987373 -2.9040884997395668 0.10304346282386789 4.9709526323050124 -3.2843194919444145 4.0832527291011784 0.10560655755297149 -2.0560183470294926 1.3425918791568165 4.181260336425388 -0.6928486552314681 0.042608518745784106 -0.087620799662577298 0.73782965783711352 -0.12868219032708478
leaf_weight=102 107 41 28 45 45 24 46 32 25 191 39 21 32 36 260 21 31 33 24 20 37 71 58 68 52 47 145 76 107 203
leaf_count=102 107 41 28 45 45 24 46 32 25 191 39 21 32 36 260 21 31 33 24 20 37 71 58 68 52 47 145 76 107 203
internal_value=-0.00244315 -0.00581818 0.00136778 -0.0027933 0.00616438 -0.00508772 0.00588235 0.0178571 -0.00747863 -0.00309446 0.0140625 -0.0158385 -0.00584416 -0.0117647 -0.00975976 -0.00761317 -0.0211538 -0.0121429 0.0195652 -0.0166667 -0.0122896 0.00231432 0.00101553 -0.00594059 0.00328 0.00148342 0.00342205 -0.0149254 0.0103175 -0.00291971
internal_weight=2067 1090 977 716 146 570 102 56 468 307 64 161 77 374 333 243 52 140 69 48 297 929 827 202 625 573 526 134 252 274
internal_count=2067 1090 977 716 146 570 102 56 468 307 64 161 77 374 333 243 52 140 69 48 297 929 827 202 625 573 526 134 252 274
cat_boundaries=0 2 4
cat_threshold=111236709 130345 2097664 16384
is_linear=0
shrinkage=0.05


Tree=112
num_leaves=31
num_cat=0
split_feature=9 11 6 0 0 2 3 9 0 3 4 4 6 9 4 9 7 9 0 15 5 5 13 5 2 3 16 16 3 4
split_gain=5.20906 3.79733 4.63008 4.57352 7.00439 8.57284 7.66191 7.47339 4.66009 4.07975 4.94849 8.94073 8.49749 5.92105 5.79413 9.35106 4.9487 5.10945 7.13843 4.48718 4.27359 6.04942 8.81548 5.34845 7.60595 5.62729 3.99377 3.96876 6.27407 6.22593
threshold=4.1262491899130938 1194.7083333333337 1046.063174585752 9.5000000000000018 81.500000000000014 587.50000000000011 130.50000000000003 46.05257086535515 29.500000000000004 19.500000000000004 235.50000000000003 224.50000000000003 324.91678312329651 368.42267496286917 262.50000000000006 155.43449890012053 774.50000000000011 107.87337281468653 159.50000000000003 0.43750000000000006 337.25000000000006 377.00000000000006 681.00000000000011 250.62500000000003 162.50000000000003 511.50000000000006 1.7173966425006648 2.0756120555048176 311.50000000000006 74.500000000000014
decision_type=8 10 10 8 8 10 10 8 10 8 8 10 10 10 8 10 10 10 10 10 8 8 10 10 10 10 8 10 10 10
left_child=-1 2 3 -2 5 6 7 -5 -9 19 11 12 16 -14 15 -12 17 -11 -19 -6 23 22 -22 24 -16 26 -25 -20 29 -29
right_child=1 -3 -4 4 9 -7 -8 8 -10 10 14 -13 13 -15 20 -17 -18 18 27 -21 21 -23 -24 25 -26 -27 -28 28 -30 -31
leaf_value=-0.16389970744654844 0.032163804868767132 18.750566988540129 -0.54058347614462243 -0.33035717982078039 0.16578582995772992 -2.0794470769703444 -1.1243058644854365 0.36796045883701112 -0.0097690608331880927 -0.55110506624148314 0.47747627750521604 2.6659827685336484 4.9127749323516801 0.31327186336640128 -0.34357488436527323 -1.9007229585235081 -1.0713001019215747 1.2786383533129297 0.074278971625656706 -1.7019779471609446 -0.13980916988239331 -0.015812479630193367 9.2478796786811142 -1.0281109817749126 1.3035960905105584 -3.2803152377968035 -0.015870390889079999 4.5474081593975644 -1.4167259042857148 -1.0656295203031256
leaf_weight=55 209 20 56 23 27 22 60 33 42 98 20 24 24 57 76 39 28 54 103 64 29 659 34 25 53 27 63 24 30 30
leaf_count=55 209 20 56 23 27 22 60 33 42 98 20 24 24 57 76 39 28 54 103 64 29 659 34 25 53 27 63 24 30 30
internal_value=-0.00208729 -0.00168047 -0.00189375 -0.00149216 -0.002319 -0.0116667 -0.00759494 0.00102041 0.00866667 -0.00125945 -0.000634603 0.00360169 0.00200893 0.0166667 -0.00258537 -0.0177966 -0.00122616 0.000442478 0.00435685 -0.0115385 -0.00165631 0.000277008 0.0150794 -0.00737705 -0.000387597 -0.0152174 -0.00909091 -0.00026738 -0.00833333 0.00185185
internal_weight=2108 2053 2033 1977 1768 180 158 98 75 1588 1497 472 448 81 1025 59 367 339 241 91 966 722 63 244 129 115 88 187 84 54
internal_count=2108 2053 2033 1977 1768 180 158 98 75 1588 1497 472 448 81 1025 59 367 339 241 91 966 722 63 244 129 115 88 187 84 54
is_linear=0
shrinkage=0.05


Tree=113
num_leaves=31
num_cat=2
split_feature=20 1 3 20 0 1 0 3 3 1 3 0 0 7 16 0 3 15 14 3 16 0 3 16 9 3 11 3 3 5
split_gain=16.6004 4.16639 7.6139 8.06093 9.31163 5.8798 5.47826 6.13859 5.07589 5.71851 5.55105 5.48918 10.22 9.22159 6.0093 4.68519 4.43102 5.71007 6.45333 4.94554 4.47056 6.85963 4.14129 8.61496 8.08175 6.23673 5.14706 4.31966 4.68034 5.55402
threshold=0 22.500000000000004 52.500000000000007 1 62.500000000000007 98.500000000000014 103.50000000000001 111.50000000000001 649.00000000000011 128.50000000000003 511.50000000000006 500.50000000000006 423.50000000000006 884.50000000000011 3.5245758963603424 145.50000000000003 459.50000000000006 0.56250000000000011 1.0000000180025095e-35 6.5000000000000009 3.829540423271053 81.500000000000014 417.50000000000006 1.5206638478433518 408.52240863046501 361.00000000000006 669.87500000000011 299.50000000000006 262.50000000000006 342.87500000000006
decision_type=1 8 8 1 8 10 8 8 8 10 10 10 10 10 8 8 10 8 10 8 8 10 10 10 10 10 8 10 10 10
left_child=-1 16 -3 5 -5 15 -6 -8 9 -7 11 12 14 -13 -11 -4 17 18 -2 -19 -21 -22 25 -24 -25 27 -26 28 29 -9
right_child=1 2 3 4 6 8 7 22 -10 10 -12 13 -14 -15 -16 -17 -18 19 -20 20 21 -23 23 24 26 -27 -28 -29 -30 -31
leaf_value=0.026070079629270704 -0.59118786071925689 0.15749653845984427 1.3387704370789473 -2.422194119381726 0.54659093383574064 -1.4005609204414258 -2.3935164597481831 -0.0006745206162747764 0.10221344088359673 0.0031804604627140524 -2.5514232577116438 -2.1762294295428091 5.875325418568659 0.14501928100362704 -2.8487818536432488 0.12018423519593463 0.14714936070138407 -1.0092779082562604 0.09757591928163456 3.7592041705982453 -0.1416866644609783 -1.8222551330885328 0.068500667743910532 -1.466014452073003 3.1752193405123763 0.56377781254658721 -1.1446173971507108 -0.76915544970530481 3.8869952453494934 -0.71278366344792943
leaf_weight=748 30 125 32 55 21 28 28 105 69 156 26 29 23 30 22 73 29 34 20 20 37 21 31 111 21 33 51 28 24 51
leaf_count=748 30 125 32 55 21 28 28 105 69 156 26 29 23 30 22 73 29 34 20 20 37 21 31 111 21 33 51 28 24 51
internal_value=-0.00267646 -0.00593591 -0.00486348 -0.00625597 -0.0102812 -0.00140562 -0.00833333 -0.00942029 -0.00430809 -0.00700637 -0.0048951 -0.00269231 0.00124378 -0.0161017 -0.00280899 0.00904762 -0.0128272 -0.0160494 -0.002 -0.0223214 -0.0153846 -0.0224138 -0.00802198 -0.0130841 -0.0172131 -0.00352697 -0.00416667 -0.00673077 -0.00388889 -0.00705128
internal_weight=2111 1363 1172 1047 559 488 504 483 383 314 286 260 201 59 178 105 191 162 50 112 78 58 455 214 183 241 72 208 180 156
internal_count=2111 1363 1172 1047 559 488 504 483 383 314 286 260 201 59 178 105 191 162 50 112 78 58 455 214 183 241 72 208 180 156
cat_boundaries=0 2 4
cat_threshold=2786139041 140832 164103256 65563
is_linear=0
shrinkage=0.05


Tree=114
num_leaves=31
num_cat=3
split_feature=20 0 3 2 12 3 11 1 1 20 4 7 2 0 2 4 4 5 3 4 4 4 2 20 0 8 11 0 0 3
split_gain=9.86236 8.00399 6.69073 6.52613 10.0613 8.75684 9.12926 6.11447 9.62604 6.08946 6.69644 12.0071 8.46792 6.38996 5.74963 7.46746 5.25888 4.55111 4.28447 4.2807 11.6737 5.00354 5.88642 9.36555 7.77673 6.99171 9.06181 6.0357 4.53413 4.43091
threshold=0 1400.5000000000002 417.50000000000006 253.50000000000003 2021.1642743235004 554.00000000000011 426.45833333333343 720.50000000000011 332.00000000000006 1 430.00000000000006 361.00000000000006 162.50000000000003 479.50000000000006 139.50000000000003 276.50000000000006 988.50000000000011 159.12500000000003 203.50000000000003 697.50000000000011 828.50000000000011 483.50000000000006 375.50000000000006 2 773.50000000000011 195.43750000000003 153.37500000000003 192.50000000000003 670.50000000000011 124.50000000000001
decision_type=1 10 10 10 8 10 8 10 10 1 8 10 8 10 8 8 10 8 8 10 10 10 8 1 10 8 10 10 8 8
left_child=19 2 9 4 -4 6 -5 8 -7 10 13 12 -12 -2 15 -11 -9 -17 -16 21 -21 22 24 -24 25 26 27 -1 -25 -27
right_child=1 -3 3 5 -6 7 -8 16 -10 14 11 -13 -14 -15 18 17 -18 -19 -20 20 -22 -23 23 28 -26 29 -28 -29 -30 -31
leaf_value=-0.13552314537789131 0.018030341054782895 -1.1094955861914315 -1.9099464297573683 0.06507563435671386 0.23345607981613911 -0.2777253634796864 -2.4985039932309179 0.19961278766448345 2.4435728789138298 1.4768340885108935 -0.41393984708466491 -3.5813995150631683 0.050122072934173284 5.6984300712132869 -0.41436843619581226 -0.1779414094931184 -2.0212838903591148 0.2856671891768201 0.24131775496346963 10.964918834399771 -0.94707953461953776 -1.0931986758059467 -1.1649792900240652 -0.23383696310686233 -2.2573138017099592 0.19573931002242548 -1.0157283536841664 3.0599046770473715 0.13073780351880104 0.0095748678741628627
leaf_weight=144 208 38 52 27 23 29 48 53 63 35 38 20 61 27 95 20 23 25 218 25 60 66 108 119 33 81 36 26 73 214
leaf_count=144 208 38 52 27 23 29 48 53 63 35 38 20 61 27 95 20 23 25 218 25 60 66 108 119 33 81 36 26 73 214
internal_value=-0.00177203 0.00148248 0.00230047 -0.00377358 -0.0166667 0.000205761 -0.014 0.00654762 0.0152174 0.00488621 0 -0.00966387 -0.00252525 0.00489362 0.00905707 0.02125 -0.00394737 0.00777778 0.00623003 -0.00537688 0.00529412 -0.00644444 -0.00539568 -0.011 -0.00224719 -0.000698603 -0.00776699 -0.00294118 -0.00346535 0.00423729
internal_weight=2088 1103 1065 318 75 243 75 168 92 747 354 119 99 235 393 80 76 45 313 985 85 900 834 300 534 501 206 170 192 295
internal_count=2088 1103 1065 318 75 243 75 168 92 747 354 119 99 235 393 80 76 45 313 985 85 900 834 300 534 501 206 170 192 295
cat_boundaries=0 2 4 6
cat_threshold=4099412343 2791 52453512 66816 805310496 198
is_linear=0
shrinkage=0.05


end of trees

feature_importances:
week_of_year=337
product_id=332
lag_4=292
lag_6=281
lag_8=267
lag_5=235
lag_12=215
roll_mean_12=190
roll_mean_4=185
spike_ratio=185
roll_std_8=169
roll_std_4=162
roll_mean_8=150
roll_std_12=127
roll_max_4=99
roll_max_12=74
roll_max_8=64
nonzero_rate_8=34
month=28
weeks_since_last_sale=22
is_peak_season=2

parameters:
[boosting: gbdt]
[objective: regression_l1]
[metric: l1]
[tree_learner: serial]
[device_type: cpu]
[data_sample_strategy: bagging]
[data: ]
[valid: ]
[num_iterations: 115]
[learning_rate: 0.05]
[num_leaves: 31]
[num_threads: 0]
[seed: 42]
[deterministic: 0]
[force_col_wise: 0]
[force_row_wise: 0]
[histogram_pool_size: -1]
[max_depth: -1]
[min_data_in_leaf: 20]
[min_sum_hessian_in_leaf: 0.001]
[bagging_fraction: 0.8]
[pos_bagging_fraction: 1]
[neg_bagging_fraction: 1]
[bagging_freq: 1]
[bagging_seed: 400]
[bagging_by_query: 0]
[feature_fraction: 0.8]
[feature_fraction_bynode: 1]
[feature_fraction_seed: 30056]
[extra_trees: 0]
[extra_seed: 12879]
[early_stopping_round: 0]
[early_stopping_min_delta: 0]
[first_metric_only: 0]
[max_delta_step: 0]
[lambda_l1: 0]
[lambda_l2: 0]
[linear_lambda: 0]
[min_gain_to_split: 0]
[drop_rate: 0.1]
[max_drop: 50]
[skip_drop: 0.5]
[xgboost_dart_mode: 0]
[uniform_drop: 0]
[drop_seed: 17869]
[top_rate: 0.2]
[other_rate: 0.1]
[min_data_per_group: 100]
[max_cat_threshold: 32]
[cat_l2: 10]
[cat_smooth: 10]
[max_cat_to_onehot: 4]
[top_k: 20]
[monotone_constraints: ]
[monotone_constraints_method: basic]
[monotone_penalty: 0]
[feature_contri: ]
[forcedsplits_filename: ]
[refit_decay_rate: 0.9]
[cegb_tradeoff: 1]
[cegb_penalty_split: 0]
[cegb_penalty_feature_lazy: ]
[cegb_penalty_feature_coupled: ]
[path_smooth: 0]
[interaction_constraints: ]
[verbosity: -1]
[saved_feature_importance_type: 0]
[use_quantized_grad: 0]
[num_grad_quant_bins: 4]
[quant_train_renew_leaf: 0]
[stochastic_rounding: 1]
[linear_tree: 0]
[max_bin: 255]
[max_bin_by_feature: ]
[min_data_in_bin: 3]
[bin_construct_sample_cnt: 200000]
[data_random_seed: 175]
[is_enable_sparse: 1]
[enable_bundle: 1]
[use_missing: 1]
[zero_as_missing: 0]
[feature_pre_filter: 1]
[pre_partition: 0]
[two_round: 0]
[header: 0]
[label_column: ]
[weight_column: ]
[group_column: ]
[ignore_column: ]
[categorical_feature: 20]
[forcedbins_filename: ]
[precise_float_parser: 0]
[parser_config_file: ]
[objective_seed: 16083]
[num_class: 1]
[is_unbalance: 0]
[scale_pos_weight: 1]
[sigmoid: 1]
[boost_from_average: 1]
[reg_sqrt: 0]
[alpha: 0.9]
[fair_c: 1]
[poisson_max_delta_step: 0.7]
[tweedie_variance_power: 1.5]
[lambdarank_truncation_level: 30]
[lambdarank_norm: 1]
[label_gain: ]
[lambdarank_position_bias_regularization: 0]
[eval_at: ]
[multi_error_top_k: 1]
[auc_mu_weights: ]
[num_machines: 1]
[local_listen_port: 12400]
[time_out: 120]
[machine_list_filename: ]
[machines: ]
[gpu_platform_id: -1]
[gpu_device_id: -1]
[gpu_device_id_list: ]
[gpu_use_dp: 0]
[num_gpu: 1]

end of parameters

pandas_categorical:[["15036", "16014", "17003", "20724", "20725", "20727", "21080", "21088", "21096", "21212", "21213", "21232", "21498", "21731", "21915", "21929", "21931", "21975", "21977", "21980", "21981", "21982", "21984", "21985", "22086", "22178", "22197", "22355", "22386", "22411", "22492", "22616", "71459", "72741", "84077", "84212", "84270", "84347", "84568", "84598", "84755", "84879", "84946", "84970S", "84991", "84992", "85099B", "85099C", "85099F", "85123A"]]
